"slug","title","category","content_format","audience","query_1","query_2","query_3","query_4","query_5","query_6","query_7","query_8","query_9","query_10","canonical_url"
"small-business-task-apps","小さな業務アプリを作りたい人へ。困りごとからWebアプリにする方法","小さな業務改善","legacy","紙、Excel、LINE、手入力で回している作業を、まず1つだけアプリ化して試したい人","小さな業務アプリを作りたい人へ 困りごとからWebアプリにする方法","困りごと アプリ化","業務改善","Excel 作業 自動化","ミニアプリ","小さな業務アプリ 作りたい 方法","小さな業務アプリ 作りたい やり方","小さな業務アプリ 作りたい 手順","小さな業務アプリ 作りたい 始め方","小さな業務アプリ 作りたい 準備","https://aplz.dev/articles/small-business-task-apps"
"neighborhood-duty-roster","町内会の当番表アプリを作るには？自動割り振りと公平さの考え方","町内会","legacy","町内会、自治会、PTA、店舗などで当番表を作る担当者","町内会の当番表アプリを作るには 自動割り振りと公平さの考え方","当番表 自動 割り振り","自治会 当番 割り振り","当番表 アプリ","班長 業務","町内会 当番表 アプリ 方法","町内会 当番表 アプリ やり方","町内会 当番表 アプリ 手順","町内会 当番表 アプリ 始め方","町内会 当番表 アプリ 準備","https://aplz.dev/articles/neighborhood-duty-roster"
"line-message-organizer","学童のお迎え変更連絡を整理する。LINE・口頭・紙メモを見落とさない方法","学校・委員会","legacy","学童、習い事、PTA、少年団などで保護者連絡を整理している人","学童のお迎え変更連絡を整理する LINE・口頭・紙メモを見落とさない方法","LINE 連絡 整理","学童 お迎え 変更","保護者連絡 管理","欠席連絡 整理","学童 お迎え変更 連絡 整理 方法","学童 お迎え変更 連絡 整理 やり方","学童 お迎え変更 連絡 整理 手順","学童 お迎え変更 連絡 整理 始め方","学童 お迎え変更 連絡 整理 準備","https://aplz.dev/articles/line-message-organizer"
"event-reception-queue","小規模イベントの受付番号を整理する。待ち列と呼び出しの作り方","イベント運営","legacy","地域イベント、寺社イベント、ワークショップなどの受付を少人数で回す人","小規模イベントの受付番号を整理する 待ち列と呼び出しの作り方","待ち列 管理","呼び出し 順番","受付 アプリ","イベント 受付 番号札 方法","イベント 受付 番号札 やり方","イベント 受付 番号札 手順","イベント 受付 番号札 始め方","イベント 受付 番号札 準備","イベント 受付 番号札 進め方","https://aplz.dev/articles/event-reception-queue"
"rain-notice-template","雨天連絡文を毎回迷わず作る。中止・延期・場所変更のテンプレート化","文章作成","legacy","少年団、地域活動、習い事、イベントで当日の連絡文を書く係の人","雨天連絡文を毎回迷わず作る 中止・延期・場所変更のテンプレート化","少年団 連絡文","イベント 中止 連絡","LINE 文面 作成","雨天連絡 文例 チェックリスト","雨天連絡 文例 テンプレート","雨天連絡 文例 確認項目","雨天連絡 文例 書き方","雨天連絡 文例 作り方","雨天連絡 文例 抜け漏れ","https://aplz.dev/articles/rain-notice-template"
"kitchen-car-prep-calculator","キッチンカーの仕込み量計算アプリを作る。販売予定数から材料を逆算","個人事業主","legacy","キッチンカー、屋台、マルシェ出店などで前日に仕込み量を決める人","キッチンカーの仕込み量計算アプリを作る 販売予定数から材料を逆算","キッチンカー 仕込み量","屋台 材料 計算","販売予定数 逆算","仕込み アプリ","キッチンカー 仕込み量 計算 アプリ 無料ツール","キッチンカー 仕込み量 計算 アプリ 計算","キッチンカー 仕込み量 計算 アプリ 自動","キッチンカー 仕込み量 計算 アプリ シミュレーション","キッチンカー 仕込み量 計算 アプリ 使い方","https://aplz.dev/articles/kitchen-car-prep-calculator"
"private-lodging-cleaning-checklist","民泊清掃チェックリストの作り方。物件ごとの差分を新人にも伝える","個人事業主","legacy","民泊、レンタルスペース、小規模宿泊施設で清掃チェックを共有したい人","民泊清掃チェックリストの作り方 物件ごとの差分を新人にも伝える","清掃 抜け漏れ 防止","物件別 チェック","スマホ チェックリスト","民泊 清掃 チェックリスト チェックリスト","民泊 清掃 チェックリスト テンプレート","民泊 清掃 チェックリスト 確認項目","民泊 清掃 チェックリスト 書き方","民泊 清掃 チェックリスト 作り方","民泊 清掃 チェックリスト 抜け漏れ","https://aplz.dev/articles/private-lodging-cleaning-checklist"
"privacy-first-pickup-route","個人住所を入れない送迎表の作り方。方面名だけで時間割を組む","予約・申込","legacy","教室、地域送迎、少人数サービスで個人住所を入れずに時間割を組みたい人","個人住所を入れない送迎表の作り方 方面名だけで時間割を組む","住所 入れない アプリ","送迎 時間割","個人情報 配慮","送迎 表 作成 方法","送迎 表 作成 やり方","送迎 表 作成 手順","送迎 表 作成 始め方","送迎 表 作成 準備","送迎 表 作成 進め方","https://aplz.dev/articles/privacy-first-pickup-route"
"workshop-kit-count","ワークショップの材料キット数を数える。予備と細かい備品を忘れない方法","予約・申込","legacy","教室、ワークショップ、手作りイベントで材料キットを準備する人","ワークショップの材料キット数を数える 予備と細かい備品を忘れない方法","参加人数 材料 計算","教室 準備 リスト","予備 キット","ワークショップ 材料 キット 方法","ワークショップ 材料 キット やり方","ワークショップ 材料 キット 手順","ワークショップ 材料 キット 始め方","ワークショップ 材料 キット 準備","ワークショップ 材料 キット 進め方","https://aplz.dev/articles/workshop-kit-count"
"salon-towel-laundry","サロンのタオル洗濯枚数を決める。予約数から不足を防ぐ計算","個人事業主","legacy","整体院、美容室、個人サロンなどで備品在庫を前日に確認する人","サロンのタオル洗濯枚数を決める 予約数から不足を防ぐ計算","整体院 タオル 在庫","予約数 タオル 計算","小規模店舗 業務改善","サロン タオル 洗濯 無料ツール","サロン タオル 洗濯 計算","サロン タオル 洗濯 自動","サロン タオル 洗濯 シミュレーション","サロン タオル 洗濯 使い方","サロン タオル 洗濯 入力項目","https://aplz.dev/articles/salon-towel-laundry"
"日常の小さな不便は-誰のために続いているのか-a001","日常の小さな不便は、誰のために続いているのか","暮らす","F01 検索回答記事","中学生・高校生・高専生","日常の小さな不便は 誰のために続いているのか","日常の小さな不便 なぜ","日常の小さな不便 誰のため","日常の小さな不便 続く理由","日常の小さな不便 役割","日常の小さな不便 必要な理由","日常の小さな不便 負担している人","日常の小さな不便 見直す基準","日常の小さな不便 なくならない理由","日常の小さな不便 関係者","https://aplz.dev/articles/日常の小さな不便は-誰のために続いているのか-a001"
"なぜ日常の小さな不便は-少しだけ面倒なまま残るのか-a002","なぜ日常の小さな不便は、少しだけ面倒なまま残るのか","暮らす","F02 手順・ハウツー","大学生","なぜ日常の小さな不便は 少しだけ面倒なまま残るのか","日常の小さな不便 方法","日常の小さな不便 面倒なまま残る理由","日常の小さな不便 変わらない原因","日常の小さな不便 改善しにくい理由","日常の小さな不便 不便が残る","日常の小さな不便 面倒を減らす方法","日常の小さな不便 変える手順","日常の小さな不便 最初の一歩","日常の小さな不便 対処法","https://aplz.dev/articles/なぜ日常の小さな不便は-少しだけ面倒なまま残るのか-a002"
"日常の小さな不便を一人で抱えないための小さな表-a003","日常の小さな不便を一人で抱えないための小さな表","暮らす","F03 解説・仕組み","教員・学校職員","日常の小さな不便を一人で抱えないための小さな表","日常の小さな不便 チェックリスト","日常の小さな不便 一人で抱えない方法","日常の小さな不便 共有方法","日常の小さな不便 分担の決め方","日常の小さな不便 見える化","日常の小さな不便 小さな表","日常の小さな不便 担当者の負担","日常の小さな不便 属人化を防ぐ","日常の小さな不便 相談の仕方","https://aplz.dev/articles/日常の小さな不便を一人で抱えないための小さな表-a003"
"日常の小さな不便で最初に迷う場所を見取り図にする-a004","日常の小さな不便で最初に迷う場所を見取り図にする","暮らす","F04 比較・選択・判断","保護者・PTA","日常の小さな不便で最初に迷う場所を見取り図にする","日常の小さな不便 仕組み","日常の小さな不便 迷う場所","日常の小さな不便 見取り図","日常の小さな不便 流れを整理","日常の小さな不便 手順を可視化","日常の小さな不便 最初に確認すること","日常の小さな不便 判断基準","日常の小さな不便 困る場面","日常の小さな不便 選び方","https://aplz.dev/articles/日常の小さな不便で最初に迷う場所を見取り図にする-a004"
"日常の小さな不便の失敗例を先に並べてみる-a005","日常の小さな不便の失敗例を先に並べてみる","暮らす","F05 チェックリスト・テンプレート","町内会・自治会関係者","日常の小さな不便の失敗例を先に並べてみる","日常の小さな不便 失敗","日常の小さな不便 失敗例","日常の小さな不便 よくある失敗","日常の小さな不便 注意点","日常の小さな不便 やってはいけないこと","日常の小さな不便 失敗を防ぐ","日常の小さな不便 トラブル例","日常の小さな不便 改善例","日常の小さな不便 確認項目","https://aplz.dev/articles/日常の小さな不便の失敗例を先に並べてみる-a005"
"家-家族-共同生活は-誰のために続いているのか-a006","家・家族・共同生活は、誰のために続いているのか","暮らす","F06 無料ツール・計算機","地域イベント運営者","家・家族・共同生活は 誰のために続いているのか","家・家族・共同生活 なぜ","家・家族・共同生活 誰のため","家・家族・共同生活 続く理由","家・家族・共同生活 役割","家・家族・共同生活 必要な理由","家・家族・共同生活 負担している人","家・家族・共同生活 見直す基準","家・家族・共同生活 なくならない理由","家・家族・共同生活 関係者","https://aplz.dev/articles/家-家族-共同生活は-誰のために続いているのか-a006"
"なぜ家-家族-共同生活は-少しだけ面倒なまま残るのか-a007","なぜ家・家族・共同生活は、少しだけ面倒なまま残るのか","暮らす","F07 図鑑・データベース","個人事業主","なぜ家・家族・共同生活は 少しだけ面倒なまま残るのか","家・家族・共同生活 方法","家・家族・共同生活 面倒なまま残る理由","家・家族・共同生活 変わらない原因","家・家族・共同生活 改善しにくい理由","家・家族・共同生活 不便が残る","家・家族・共同生活 面倒を減らす方法","家・家族・共同生活 変える手順","家・家族・共同生活 最初の一歩","家・家族・共同生活 対処法","https://aplz.dev/articles/なぜ家-家族-共同生活は-少しだけ面倒なまま残るのか-a007"
"家-家族-共同生活を一人で抱えないための小さな表-a008","家・家族・共同生活を一人で抱えないための小さな表","暮らす","F09 密着・一日・現場ルポ","副業を始めたい人","家・家族・共同生活を一人で抱えないための小さな表","家・家族・共同生活 チェックリスト","家・家族・共同生活 一人で抱えない方法","家・家族・共同生活 共有方法","家・家族・共同生活 分担の決め方","家・家族・共同生活 見える化","家・家族・共同生活 小さな表","家・家族・共同生活 担当者の負担","家・家族・共同生活 属人化を防ぐ","家・家族・共同生活 相談の仕方","https://aplz.dev/articles/家-家族-共同生活を一人で抱えないための小さな表-a008"
"家-家族-共同生活で最初に迷う場所を見取り図にする-a009","家・家族・共同生活で最初に迷う場所を見取り図にする","暮らす","F10 制作ドキュメンタリー","小規模店舗の店主","家・家族・共同生活で最初に迷う場所を見取り図にする","家・家族・共同生活 仕組み","家・家族・共同生活 迷う場所","家・家族・共同生活 見取り図","家・家族・共同生活 流れを整理","家・家族・共同生活 手順を可視化","家・家族・共同生活 最初に確認すること","家・家族・共同生活 判断基準","家・家族・共同生活 困る場面","家・家族・共同生活 選び方","https://aplz.dev/articles/家-家族-共同生活で最初に迷う場所を見取り図にする-a009"
"家-家族-共同生活の失敗例を先に並べてみる-a010","家・家族・共同生活の失敗例を先に並べてみる","暮らす","F11 エッセー・論考・問題提起","飲食店・キッチンカー運営者","家・家族・共同生活の失敗例を先に並べてみる","家・家族・共同生活 失敗","家・家族・共同生活 失敗例","家・家族・共同生活 よくある失敗","家・家族・共同生活 注意点","家・家族・共同生活 やってはいけないこと","家・家族・共同生活 失敗を防ぐ","家・家族・共同生活 トラブル例","家・家族・共同生活 改善例","家・家族・共同生活 確認項目","https://aplz.dev/articles/家-家族-共同生活の失敗例を先に並べてみる-a010"
"片付け-整理-所有は-誰のために続いているのか-a011","片付け・整理・所有は、誰のために続いているのか","暮らす","F12 データ記事・白書","サロン・教室運営者","片付け・整理・所有は 誰のために続いているのか","片付け・整理・所有 なぜ","片付け・整理・所有 誰のため","片付け・整理・所有 続く理由","片付け・整理・所有 役割","片付け・整理・所有 必要な理由","片付け・整理・所有 負担している人","片付け・整理・所有 見直す基準","片付け・整理・所有 なくならない理由","片付け・整理・所有 関係者","https://aplz.dev/articles/片付け-整理-所有は-誰のために続いているのか-a011"
"なぜ片付け-整理-所有は-少しだけ面倒なまま残るのか-a012","なぜ片付け・整理・所有は、少しだけ面倒なまま残るのか","暮らす","F13 実験・検証・対決","民泊・観光関係者","なぜ片付け・整理・所有は 少しだけ面倒なまま残るのか","片付け・整理・所有 方法","片付け・整理・所有 面倒なまま残る理由","片付け・整理・所有 変わらない原因","片付け・整理・所有 改善しにくい理由","片付け・整理・所有 不便が残る","片付け・整理・所有 面倒を減らす方法","片付け・整理・所有 変える手順","片付け・整理・所有 最初の一歩","片付け・整理・所有 対処法","https://aplz.dev/articles/なぜ片付け-整理-所有は-少しだけ面倒なまま残るのか-a012"
"片付け-整理-所有を一人で抱えないための小さな表-a013","片付け・整理・所有を一人で抱えないための小さな表","暮らす","F14 ビジュアル解説","フリーランス・クリエイター","片付け・整理・所有を一人で抱えないための小さな表","片付け・整理・所有 チェックリスト","片付け・整理・所有 一人で抱えない方法","片付け・整理・所有 共有方法","片付け・整理・所有 分担の決め方","片付け・整理・所有 見える化","片付け・整理・所有 小さな表","片付け・整理・所有 担当者の負担","片付け・整理・所有 属人化を防ぐ","片付け・整理・所有 相談の仕方","https://aplz.dev/articles/片付け-整理-所有を一人で抱えないための小さな表-a013"
"片付け-整理-所有で最初に迷う場所を見取り図にする-a014","片付け・整理・所有で最初に迷う場所を見取り図にする","暮らす","F15 診断・クイズ","エンジニア・開発者","片付け・整理・所有で最初に迷う場所を見取り図にする","片付け・整理・所有 仕組み","片付け・整理・所有 迷う場所","片付け・整理・所有 見取り図","片付け・整理・所有 流れを整理","片付け・整理・所有 手順を可視化","片付け・整理・所有 最初に確認すること","片付け・整理・所有 判断基準","片付け・整理・所有 困る場面","片付け・整理・所有 選び方","https://aplz.dev/articles/片付け-整理-所有で最初に迷う場所を見取り図にする-a014"
"片付け-整理-所有の失敗例を先に並べてみる-a015","片付け・整理・所有の失敗例を先に並べてみる","暮らす","F16 投稿・Q&A・相談","技術に詳しくない事務担当者","片付け・整理・所有の失敗例を先に並べてみる","片付け・整理・所有 失敗","片付け・整理・所有 失敗例","片付け・整理・所有 よくある失敗","片付け・整理・所有 注意点","片付け・整理・所有 やってはいけないこと","片付け・整理・所有 失敗を防ぐ","片付け・整理・所有 トラブル例","片付け・整理・所有 改善例","片付け・整理・所有 確認項目","https://aplz.dev/articles/片付け-整理-所有の失敗例を先に並べてみる-a015"
"時間-習慣-注意力は-誰のために続いているのか-a016","時間・習慣・注意力は、誰のために続いているのか","暮らす","F17 歴史・文化・由来","チームやプロジェクトの責任者","時間・習慣・注意力は 誰のために続いているのか","時間・習慣・注意力 なぜ","時間・習慣・注意力 誰のため","時間・習慣・注意力 続く理由","時間・習慣・注意力 役割","時間・習慣・注意力 必要な理由","時間・習慣・注意力 負担している人","時間・習慣・注意力 見直す基準","時間・習慣・注意力 なくならない理由","時間・習慣・注意力 関係者","https://aplz.dev/articles/時間-習慣-注意力は-誰のために続いているのか-a016"
"なぜ時間-習慣-注意力は-少しだけ面倒なまま残るのか-a017","なぜ時間・習慣・注意力は、少しだけ面倒なまま残るのか","暮らす","F18 ニュース・トレンド分析","NPO・ボランティア関係者","なぜ時間・習慣・注意力は 少しだけ面倒なまま残るのか","時間・習慣・注意力 方法","時間・習慣・注意力 面倒なまま残る理由","時間・習慣・注意力 変わらない原因","時間・習慣・注意力 改善しにくい理由","時間・習慣・注意力 不便が残る","時間・習慣・注意力 面倒を減らす方法","時間・習慣・注意力 変える手順","時間・習慣・注意力 最初の一歩","時間・習慣・注意力 対処法","https://aplz.dev/articles/なぜ時間-習慣-注意力は-少しだけ面倒なまま残るのか-a017"
"時間-習慣-注意力を一人で抱えないための小さな表-a018","時間・習慣・注意力を一人で抱えないための小さな表","暮らす","F03 解説・仕組み","地方・田舎で暮らす人","時間・習慣・注意力を一人で抱えないための小さな表","時間・習慣・注意力 チェックリスト","時間・習慣・注意力 一人で抱えない方法","時間・習慣・注意力 共有方法","時間・習慣・注意力 分担の決め方","時間・習慣・注意力 見える化","時間・習慣・注意力 小さな表","時間・習慣・注意力 担当者の負担","時間・習慣・注意力 属人化を防ぐ","時間・習慣・注意力 相談の仕方","https://aplz.dev/articles/時間-習慣-注意力を一人で抱えないための小さな表-a018"
"時間-習慣-注意力で最初に迷う場所を見取り図にする-a019","時間・習慣・注意力で最初に迷う場所を見取り図にする","暮らす","F01 検索回答記事","家族や共同生活を運営する人","時間・習慣・注意力で最初に迷う場所を見取り図にする","時間・習慣・注意力 仕組み","時間・習慣・注意力 迷う場所","時間・習慣・注意力 見取り図","時間・習慣・注意力 流れを整理","時間・習慣・注意力 手順を可視化","時間・習慣・注意力 最初に確認すること","時間・習慣・注意力 判断基準","時間・習慣・注意力 困る場面","時間・習慣・注意力 選び方","https://aplz.dev/articles/時間-習慣-注意力で最初に迷う場所を見取り図にする-a019"
"時間-習慣-注意力の失敗例を先に並べてみる-a020","時間・習慣・注意力の失敗例を先に並べてみる","暮らす","F02 手順・ハウツー","特定の目的なく面白い記事を読みたい一般読者","時間・習慣・注意力の失敗例を先に並べてみる","時間・習慣・注意力 失敗","時間・習慣・注意力 失敗例","時間・習慣・注意力 よくある失敗","時間・習慣・注意力 注意点","時間・習慣・注意力 やってはいけないこと","時間・習慣・注意力 失敗を防ぐ","時間・習慣・注意力 トラブル例","時間・習慣・注意力 改善例","時間・習慣・注意力 確認項目","https://aplz.dev/articles/時間-習慣-注意力の失敗例を先に並べてみる-a020"
"連絡-会話-人間関係は-誰のために続いているのか-a021","連絡・会話・人間関係は、誰のために続いているのか","暮らす","F03 解説・仕組み","中学生・高校生・高専生","連絡・会話・人間関係は 誰のために続いているのか","連絡・会話・人間関係 なぜ","連絡・会話・人間関係 誰のため","連絡・会話・人間関係 続く理由","連絡・会話・人間関係 役割","連絡・会話・人間関係 必要な理由","連絡・会話・人間関係 負担している人","連絡・会話・人間関係 見直す基準","連絡・会話・人間関係 なくならない理由","連絡・会話・人間関係 関係者","https://aplz.dev/articles/連絡-会話-人間関係は-誰のために続いているのか-a021"
"なぜ連絡-会話-人間関係は-少しだけ面倒なまま残るのか-a022","なぜ連絡・会話・人間関係は、少しだけ面倒なまま残るのか","暮らす","F04 比較・選択・判断","大学生","なぜ連絡・会話・人間関係は 少しだけ面倒なまま残るのか","連絡・会話・人間関係 方法","連絡・会話・人間関係 面倒なまま残る理由","連絡・会話・人間関係 変わらない原因","連絡・会話・人間関係 改善しにくい理由","連絡・会話・人間関係 不便が残る","連絡・会話・人間関係 面倒を減らす方法","連絡・会話・人間関係 変える手順","連絡・会話・人間関係 最初の一歩","連絡・会話・人間関係 対処法","https://aplz.dev/articles/なぜ連絡-会話-人間関係は-少しだけ面倒なまま残るのか-a022"
"連絡-会話-人間関係を一人で抱えないための小さな表-a023","連絡・会話・人間関係を一人で抱えないための小さな表","暮らす","F05 チェックリスト・テンプレート","教員・学校職員","連絡・会話・人間関係を一人で抱えないための小さな表","連絡・会話・人間関係 チェックリスト","連絡・会話・人間関係 一人で抱えない方法","連絡・会話・人間関係 共有方法","連絡・会話・人間関係 分担の決め方","連絡・会話・人間関係 見える化","連絡・会話・人間関係 小さな表","連絡・会話・人間関係 担当者の負担","連絡・会話・人間関係 属人化を防ぐ","連絡・会話・人間関係 相談の仕方","https://aplz.dev/articles/連絡-会話-人間関係を一人で抱えないための小さな表-a023"
"連絡-会話-人間関係で最初に迷う場所を見取り図にする-a024","連絡・会話・人間関係で最初に迷う場所を見取り図にする","暮らす","F06 無料ツール・計算機","保護者・PTA","連絡・会話・人間関係で最初に迷う場所を見取り図にする","連絡・会話・人間関係 仕組み","連絡・会話・人間関係 迷う場所","連絡・会話・人間関係 見取り図","連絡・会話・人間関係 流れを整理","連絡・会話・人間関係 手順を可視化","連絡・会話・人間関係 最初に確認すること","連絡・会話・人間関係 判断基準","連絡・会話・人間関係 困る場面","連絡・会話・人間関係 選び方","https://aplz.dev/articles/連絡-会話-人間関係で最初に迷う場所を見取り図にする-a024"
"連絡-会話-人間関係の失敗例を先に並べてみる-a025","連絡・会話・人間関係の失敗例を先に並べてみる","暮らす","F07 図鑑・データベース","町内会・自治会関係者","連絡・会話・人間関係の失敗例を先に並べてみる","連絡・会話・人間関係 失敗","連絡・会話・人間関係 失敗例","連絡・会話・人間関係 よくある失敗","連絡・会話・人間関係 注意点","連絡・会話・人間関係 やってはいけないこと","連絡・会話・人間関係 失敗を防ぐ","連絡・会話・人間関係 トラブル例","連絡・会話・人間関係 改善例","連絡・会話・人間関係 確認項目","https://aplz.dev/articles/連絡-会話-人間関係の失敗例を先に並べてみる-a025"
"食事-料理-小さな食文化は-誰のために続いているのか-a026","食事・料理・小さな食文化は、誰のために続いているのか","暮らす","F09 密着・一日・現場ルポ","地域イベント運営者","食事・料理・小さな食文化は 誰のために続いているのか","食事・料理・小さな食文化 なぜ","食事・料理・小さな食文化 誰のため","食事・料理・小さな食文化 続く理由","食事・料理・小さな食文化 役割","食事・料理・小さな食文化 必要な理由","食事・料理・小さな食文化 負担している人","食事・料理・小さな食文化 見直す基準","食事・料理・小さな食文化 なくならない理由","食事・料理・小さな食文化 関係者","https://aplz.dev/articles/食事-料理-小さな食文化は-誰のために続いているのか-a026"
"なぜ食事-料理-小さな食文化は-少しだけ面倒なまま残るのか-a027","なぜ食事・料理・小さな食文化は、少しだけ面倒なまま残るのか","暮らす","F10 制作ドキュメンタリー","個人事業主","なぜ食事・料理・小さな食文化は 少しだけ面倒なまま残るのか","食事・料理・小さな食文化 方法","食事・料理・小さな食文化 面倒なまま残る理由","食事・料理・小さな食文化 変わらない原因","食事・料理・小さな食文化 改善しにくい理由","食事・料理・小さな食文化 不便が残る","食事・料理・小さな食文化 面倒を減らす方法","食事・料理・小さな食文化 変える手順","食事・料理・小さな食文化 最初の一歩","食事・料理・小さな食文化 対処法","https://aplz.dev/articles/なぜ食事-料理-小さな食文化は-少しだけ面倒なまま残るのか-a027"
"食事-料理-小さな食文化を一人で抱えないための小さな表-a028","食事・料理・小さな食文化を一人で抱えないための小さな表","暮らす","F11 エッセー・論考・問題提起","副業を始めたい人","食事・料理・小さな食文化を一人で抱えないための小さな表","食事・料理・小さな食文化 チェックリスト","食事・料理・小さな食文化 一人で抱えない方法","食事・料理・小さな食文化 共有方法","食事・料理・小さな食文化 分担の決め方","食事・料理・小さな食文化 見える化","食事・料理・小さな食文化 小さな表","食事・料理・小さな食文化 担当者の負担","食事・料理・小さな食文化 属人化を防ぐ","食事・料理・小さな食文化 相談の仕方","https://aplz.dev/articles/食事-料理-小さな食文化を一人で抱えないための小さな表-a028"
"食事-料理-小さな食文化で最初に迷う場所を見取り図にする-a029","食事・料理・小さな食文化で最初に迷う場所を見取り図にする","暮らす","F12 データ記事・白書","小規模店舗の店主","食事・料理・小さな食文化で最初に迷う場所を見取り図にする","食事・料理・小さな食文化 仕組み","食事・料理・小さな食文化 迷う場所","食事・料理・小さな食文化 見取り図","食事・料理・小さな食文化 流れを整理","食事・料理・小さな食文化 手順を可視化","食事・料理・小さな食文化 最初に確認すること","食事・料理・小さな食文化 判断基準","食事・料理・小さな食文化 困る場面","食事・料理・小さな食文化 選び方","https://aplz.dev/articles/食事-料理-小さな食文化で最初に迷う場所を見取り図にする-a029"
"食事-料理-小さな食文化の失敗例を先に並べてみる-a030","食事・料理・小さな食文化の失敗例を先に並べてみる","暮らす","F13 実験・検証・対決","飲食店・キッチンカー運営者","食事・料理・小さな食文化の失敗例を先に並べてみる","食事・料理・小さな食文化 失敗","食事・料理・小さな食文化 失敗例","食事・料理・小さな食文化 よくある失敗","食事・料理・小さな食文化 注意点","食事・料理・小さな食文化 やってはいけないこと","食事・料理・小さな食文化 失敗を防ぐ","食事・料理・小さな食文化 トラブル例","食事・料理・小さな食文化 改善例","食事・料理・小さな食文化 確認項目","https://aplz.dev/articles/食事-料理-小さな食文化の失敗例を先に並べてみる-a030"
"買い物-消費-選択は-誰のために続いているのか-a031","買い物・消費・選択は、誰のために続いているのか","暮らす","F14 ビジュアル解説","サロン・教室運営者","買い物・消費・選択は 誰のために続いているのか","買い物・消費・選択 なぜ","買い物・消費・選択 誰のため","買い物・消費・選択 続く理由","買い物・消費・選択 役割","買い物・消費・選択 必要な理由","買い物・消費・選択 負担している人","買い物・消費・選択 見直す基準","買い物・消費・選択 なくならない理由","買い物・消費・選択 関係者","https://aplz.dev/articles/買い物-消費-選択は-誰のために続いているのか-a031"
"なぜ買い物-消費-選択は-少しだけ面倒なまま残るのか-a032","なぜ買い物・消費・選択は、少しだけ面倒なまま残るのか","暮らす","F15 診断・クイズ","民泊・観光関係者","なぜ買い物・消費・選択は 少しだけ面倒なまま残るのか","買い物・消費・選択 方法","買い物・消費・選択 面倒なまま残る理由","買い物・消費・選択 変わらない原因","買い物・消費・選択 改善しにくい理由","買い物・消費・選択 不便が残る","買い物・消費・選択 面倒を減らす方法","買い物・消費・選択 変える手順","買い物・消費・選択 最初の一歩","買い物・消費・選択 対処法","https://aplz.dev/articles/なぜ買い物-消費-選択は-少しだけ面倒なまま残るのか-a032"
"買い物-消費-選択を一人で抱えないための小さな表-a033","買い物・消費・選択を一人で抱えないための小さな表","暮らす","F16 投稿・Q&A・相談","フリーランス・クリエイター","買い物・消費・選択を一人で抱えないための小さな表","買い物・消費・選択 チェックリスト","買い物・消費・選択 一人で抱えない方法","買い物・消費・選択 共有方法","買い物・消費・選択 分担の決め方","買い物・消費・選択 見える化","買い物・消費・選択 小さな表","買い物・消費・選択 担当者の負担","買い物・消費・選択 属人化を防ぐ","買い物・消費・選択 相談の仕方","https://aplz.dev/articles/買い物-消費-選択を一人で抱えないための小さな表-a033"
"買い物-消費-選択で最初に迷う場所を見取り図にする-a034","買い物・消費・選択で最初に迷う場所を見取り図にする","暮らす","F17 歴史・文化・由来","エンジニア・開発者","買い物・消費・選択で最初に迷う場所を見取り図にする","買い物・消費・選択 仕組み","買い物・消費・選択 迷う場所","買い物・消費・選択 見取り図","買い物・消費・選択 流れを整理","買い物・消費・選択 手順を可視化","買い物・消費・選択 最初に確認すること","買い物・消費・選択 判断基準","買い物・消費・選択 困る場面","買い物・消費・選択 選び方","https://aplz.dev/articles/買い物-消費-選択で最初に迷う場所を見取り図にする-a034"
"買い物-消費-選択の失敗例を先に並べてみる-a035","買い物・消費・選択の失敗例を先に並べてみる","暮らす","F18 ニュース・トレンド分析","技術に詳しくない事務担当者","買い物・消費・選択の失敗例を先に並べてみる","買い物・消費・選択 失敗","買い物・消費・選択 失敗例","買い物・消費・選択 よくある失敗","買い物・消費・選択 注意点","買い物・消費・選択 やってはいけないこと","買い物・消費・選択 失敗を防ぐ","買い物・消費・選択 トラブル例","買い物・消費・選択 改善例","買い物・消費・選択 確認項目","https://aplz.dev/articles/買い物-消費-選択の失敗例を先に並べてみる-a035"
"移動-交通-待ち時間は-誰のために続いているのか-a036","移動・交通・待ち時間は、誰のために続いているのか","暮らす","F03 解説・仕組み","チームやプロジェクトの責任者","移動・交通・待ち時間は 誰のために続いているのか","移動・交通・待ち時間 なぜ","移動・交通・待ち時間 誰のため","移動・交通・待ち時間 続く理由","移動・交通・待ち時間 役割","移動・交通・待ち時間 必要な理由","移動・交通・待ち時間 負担している人","移動・交通・待ち時間 見直す基準","移動・交通・待ち時間 なくならない理由","移動・交通・待ち時間 関係者","https://aplz.dev/articles/移動-交通-待ち時間は-誰のために続いているのか-a036"
"なぜ移動-交通-待ち時間は-少しだけ面倒なまま残るのか-a037","なぜ移動・交通・待ち時間は、少しだけ面倒なまま残るのか","暮らす","F01 検索回答記事","NPO・ボランティア関係者","なぜ移動・交通・待ち時間は 少しだけ面倒なまま残るのか","移動・交通・待ち時間 方法","移動・交通・待ち時間 面倒なまま残る理由","移動・交通・待ち時間 変わらない原因","移動・交通・待ち時間 改善しにくい理由","移動・交通・待ち時間 不便が残る","移動・交通・待ち時間 面倒を減らす方法","移動・交通・待ち時間 変える手順","移動・交通・待ち時間 最初の一歩","移動・交通・待ち時間 対処法","https://aplz.dev/articles/なぜ移動-交通-待ち時間は-少しだけ面倒なまま残るのか-a037"
"移動-交通-待ち時間を一人で抱えないための小さな表-a038","移動・交通・待ち時間を一人で抱えないための小さな表","暮らす","F02 手順・ハウツー","地方・田舎で暮らす人","移動・交通・待ち時間を一人で抱えないための小さな表","移動・交通・待ち時間 チェックリスト","移動・交通・待ち時間 一人で抱えない方法","移動・交通・待ち時間 共有方法","移動・交通・待ち時間 分担の決め方","移動・交通・待ち時間 見える化","移動・交通・待ち時間 小さな表","移動・交通・待ち時間 担当者の負担","移動・交通・待ち時間 属人化を防ぐ","移動・交通・待ち時間 相談の仕方","https://aplz.dev/articles/移動-交通-待ち時間を一人で抱えないための小さな表-a038"
"移動-交通-待ち時間で最初に迷う場所を見取り図にする-a039","移動・交通・待ち時間で最初に迷う場所を見取り図にする","暮らす","F03 解説・仕組み","家族や共同生活を運営する人","移動・交通・待ち時間で最初に迷う場所を見取り図にする","移動・交通・待ち時間 仕組み","移動・交通・待ち時間 迷う場所","移動・交通・待ち時間 見取り図","移動・交通・待ち時間 流れを整理","移動・交通・待ち時間 手順を可視化","移動・交通・待ち時間 最初に確認すること","移動・交通・待ち時間 判断基準","移動・交通・待ち時間 困る場面","移動・交通・待ち時間 選び方","https://aplz.dev/articles/移動-交通-待ち時間で最初に迷う場所を見取り図にする-a039"
"移動-交通-待ち時間の失敗例を先に並べてみる-a040","移動・交通・待ち時間の失敗例を先に並べてみる","暮らす","F04 比較・選択・判断","特定の目的なく面白い記事を読みたい一般読者","移動・交通・待ち時間の失敗例を先に並べてみる","移動・交通・待ち時間 失敗","移動・交通・待ち時間 失敗例","移動・交通・待ち時間 よくある失敗","移動・交通・待ち時間 注意点","移動・交通・待ち時間 やってはいけないこと","移動・交通・待ち時間 失敗を防ぐ","移動・交通・待ち時間 トラブル例","移動・交通・待ち時間 改善例","移動・交通・待ち時間 確認項目","https://aplz.dev/articles/移動-交通-待ち時間の失敗例を先に並べてみる-a040"
"学校生活は-誰のために続いているのか-a041","学校生活は、誰のために続いているのか","学ぶ","F05 チェックリスト・テンプレート","中学生・高校生・高専生","学校生活は 誰のために続いているのか","学校生活 なぜ","学校生活 誰のため","学校生活 続く理由","学校生活 役割","学校生活 必要な理由","学校生活 負担している人","学校生活 見直す基準","学校生活 なくならない理由","学校生活 関係者","https://aplz.dev/articles/学校生活は-誰のために続いているのか-a041"
"なぜ学校生活は-少しだけ面倒なまま残るのか-a042","なぜ学校生活は、少しだけ面倒なまま残るのか","学ぶ","F06 無料ツール・計算機","大学生","なぜ学校生活は 少しだけ面倒なまま残るのか","学校生活 方法","学校生活 面倒なまま残る理由","学校生活 変わらない原因","学校生活 改善しにくい理由","学校生活 不便が残る","学校生活 面倒を減らす方法","学校生活 変える手順","学校生活 最初の一歩","学校生活 対処法","https://aplz.dev/articles/なぜ学校生活は-少しだけ面倒なまま残るのか-a042"
"学校生活を一人で抱えないための小さな表-a043","学校生活を一人で抱えないための小さな表","学ぶ","F07 図鑑・データベース","教員・学校職員","学校生活を一人で抱えないための小さな表","学校生活 チェックリスト","学校生活 一人で抱えない方法","学校生活 共有方法","学校生活 分担の決め方","学校生活 見える化","学校生活 小さな表","学校生活 担当者の負担","学校生活 属人化を防ぐ","学校生活 相談の仕方","https://aplz.dev/articles/学校生活を一人で抱えないための小さな表-a043"
"学校生活で最初に迷う場所を見取り図にする-a044","学校生活で最初に迷う場所を見取り図にする","学ぶ","F09 密着・一日・現場ルポ","保護者・PTA","学校生活で最初に迷う場所を見取り図にする","学校生活 仕組み","学校生活 迷う場所","学校生活 見取り図","学校生活 流れを整理","学校生活 手順を可視化","学校生活 最初に確認すること","学校生活 判断基準","学校生活 困る場面","学校生活 選び方","https://aplz.dev/articles/学校生活で最初に迷う場所を見取り図にする-a044"
"学校生活の失敗例を先に並べてみる-a045","学校生活の失敗例を先に並べてみる","学ぶ","F10 制作ドキュメンタリー","町内会・自治会関係者","学校生活の失敗例を先に並べてみる","学校生活 失敗","学校生活 失敗例","学校生活 よくある失敗","学校生活 注意点","学校生活 やってはいけないこと","学校生活 失敗を防ぐ","学校生活 トラブル例","学校生活 改善例","学校生活 確認項目","https://aplz.dev/articles/学校生活の失敗例を先に並べてみる-a045"
"教えること-学ぶことは-誰のために続いているのか-a046","教えること・学ぶことは、誰のために続いているのか","学ぶ","F11 エッセー・論考・問題提起","地域イベント運営者","教えること・学ぶことは 誰のために続いているのか","教えること・学ぶこと なぜ","教えること・学ぶこと 誰のため","教えること・学ぶこと 続く理由","教えること・学ぶこと 役割","教えること・学ぶこと 必要な理由","教えること・学ぶこと 負担している人","教えること・学ぶこと 見直す基準","教えること・学ぶこと なくならない理由","教えること・学ぶこと 関係者","https://aplz.dev/articles/教えること-学ぶことは-誰のために続いているのか-a046"
"なぜ教えること-学ぶことは-少しだけ面倒なまま残るのか-a047","なぜ教えること・学ぶことは、少しだけ面倒なまま残るのか","学ぶ","F12 データ記事・白書","個人事業主","なぜ教えること・学ぶことは 少しだけ面倒なまま残るのか","教えること・学ぶこと 方法","教えること・学ぶこと 面倒なまま残る理由","教えること・学ぶこと 変わらない原因","教えること・学ぶこと 改善しにくい理由","教えること・学ぶこと 不便が残る","教えること・学ぶこと 面倒を減らす方法","教えること・学ぶこと 変える手順","教えること・学ぶこと 最初の一歩","教えること・学ぶこと 対処法","https://aplz.dev/articles/なぜ教えること-学ぶことは-少しだけ面倒なまま残るのか-a047"
"教えること-学ぶことを一人で抱えないための小さな表-a048","教えること・学ぶことを一人で抱えないための小さな表","学ぶ","F13 実験・検証・対決","副業を始めたい人","教えること・学ぶことを一人で抱えないための小さな表","教えること・学ぶこと チェックリスト","教えること・学ぶこと 一人で抱えない方法","教えること・学ぶこと 共有方法","教えること・学ぶこと 分担の決め方","教えること・学ぶこと 見える化","教えること・学ぶこと 小さな表","教えること・学ぶこと 担当者の負担","教えること・学ぶこと 属人化を防ぐ","教えること・学ぶこと 相談の仕方","https://aplz.dev/articles/教えること-学ぶことを一人で抱えないための小さな表-a048"
"教えること-学ぶことで最初に迷う場所を見取り図にする-a049","教えること・学ぶことで最初に迷う場所を見取り図にする","学ぶ","F14 ビジュアル解説","小規模店舗の店主","教えること・学ぶことで最初に迷う場所を見取り図にする","教えること・学ぶこと 仕組み","教えること・学ぶこと 迷う場所","教えること・学ぶこと 見取り図","教えること・学ぶこと 流れを整理","教えること・学ぶこと 手順を可視化","教えること・学ぶこと 最初に確認すること","教えること・学ぶこと 判断基準","教えること・学ぶこと 困る場面","教えること・学ぶこと 選び方","https://aplz.dev/articles/教えること-学ぶことで最初に迷う場所を見取り図にする-a049"
"教えること-学ぶことの失敗例を先に並べてみる-a050","教えること・学ぶことの失敗例を先に並べてみる","学ぶ","F15 診断・クイズ","飲食店・キッチンカー運営者","教えること・学ぶことの失敗例を先に並べてみる","教えること・学ぶこと 失敗","教えること・学ぶこと 失敗例","教えること・学ぶこと よくある失敗","教えること・学ぶこと 注意点","教えること・学ぶこと やってはいけないこと","教えること・学ぶこと 失敗を防ぐ","教えること・学ぶこと トラブル例","教えること・学ぶこと 改善例","教えること・学ぶこと 確認項目","https://aplz.dev/articles/教えること-学ぶことの失敗例を先に並べてみる-a050"
"子ども-若者の視点は-誰のために続いているのか-a051","子ども・若者の視点は、誰のために続いているのか","学ぶ","F16 投稿・Q&A・相談","サロン・教室運営者","子ども・若者の視点は 誰のために続いているのか","子ども・若者の視点 なぜ","子ども・若者の視点 誰のため","子ども・若者の視点 続く理由","子ども・若者の視点 役割","子ども・若者の視点 必要な理由","子ども・若者の視点 負担している人","子ども・若者の視点 見直す基準","子ども・若者の視点 なくならない理由","子ども・若者の視点 関係者","https://aplz.dev/articles/子ども-若者の視点は-誰のために続いているのか-a051"
"なぜ子ども-若者の視点は-少しだけ面倒なまま残るのか-a052","なぜ子ども・若者の視点は、少しだけ面倒なまま残るのか","学ぶ","F17 歴史・文化・由来","民泊・観光関係者","なぜ子ども・若者の視点は 少しだけ面倒なまま残るのか","子ども・若者の視点 方法","子ども・若者の視点 面倒なまま残る理由","子ども・若者の視点 変わらない原因","子ども・若者の視点 改善しにくい理由","子ども・若者の視点 不便が残る","子ども・若者の視点 面倒を減らす方法","子ども・若者の視点 変える手順","子ども・若者の視点 最初の一歩","子ども・若者の視点 対処法","https://aplz.dev/articles/なぜ子ども-若者の視点は-少しだけ面倒なまま残るのか-a052"
"子ども-若者の視点を一人で抱えないための小さな表-a053","子ども・若者の視点を一人で抱えないための小さな表","学ぶ","F18 ニュース・トレンド分析","フリーランス・クリエイター","子ども・若者の視点を一人で抱えないための小さな表","子ども・若者の視点 チェックリスト","子ども・若者の視点 一人で抱えない方法","子ども・若者の視点 共有方法","子ども・若者の視点 分担の決め方","子ども・若者の視点 見える化","子ども・若者の視点 小さな表","子ども・若者の視点 担当者の負担","子ども・若者の視点 属人化を防ぐ","子ども・若者の視点 相談の仕方","https://aplz.dev/articles/子ども-若者の視点を一人で抱えないための小さな表-a053"
"子ども-若者の視点で最初に迷う場所を見取り図にする-a054","子ども・若者の視点で最初に迷う場所を見取り図にする","学ぶ","F03 解説・仕組み","エンジニア・開発者","子ども・若者の視点で最初に迷う場所を見取り図にする","子ども・若者の視点 仕組み","子ども・若者の視点 迷う場所","子ども・若者の視点 見取り図","子ども・若者の視点 流れを整理","子ども・若者の視点 手順を可視化","子ども・若者の視点 最初に確認すること","子ども・若者の視点 判断基準","子ども・若者の視点 困る場面","子ども・若者の視点 選び方","https://aplz.dev/articles/子ども-若者の視点で最初に迷う場所を見取り図にする-a054"
"子ども-若者の視点の失敗例を先に並べてみる-a055","子ども・若者の視点の失敗例を先に並べてみる","学ぶ","F01 検索回答記事","技術に詳しくない事務担当者","子ども・若者の視点の失敗例を先に並べてみる","子ども・若者の視点 失敗","子ども・若者の視点 失敗例","子ども・若者の視点 よくある失敗","子ども・若者の視点 注意点","子ども・若者の視点 やってはいけないこと","子ども・若者の視点 失敗を防ぐ","子ども・若者の視点 トラブル例","子ども・若者の視点 改善例","子ども・若者の視点 確認項目","https://aplz.dev/articles/子ども-若者の視点の失敗例を先に並べてみる-a055"
"学生プロジェクト-部活動は-誰のために続いているのか-a056","学生プロジェクト・部活動は、誰のために続いているのか","学ぶ","F02 手順・ハウツー","チームやプロジェクトの責任者","学生プロジェクト・部活動は 誰のために続いているのか","学生プロジェクト・部活動 なぜ","学生プロジェクト・部活動 誰のため","学生プロジェクト・部活動 続く理由","学生プロジェクト・部活動 役割","学生プロジェクト・部活動 必要な理由","学生プロジェクト・部活動 負担している人","学生プロジェクト・部活動 見直す基準","学生プロジェクト・部活動 なくならない理由","学生プロジェクト・部活動 関係者","https://aplz.dev/articles/学生プロジェクト-部活動は-誰のために続いているのか-a056"
"なぜ学生プロジェクト-部活動は-少しだけ面倒なまま残るのか-a057","なぜ学生プロジェクト・部活動は、少しだけ面倒なまま残るのか","学ぶ","F03 解説・仕組み","NPO・ボランティア関係者","なぜ学生プロジェクト・部活動は 少しだけ面倒なまま残るのか","学生プロジェクト・部活動 方法","学生プロジェクト・部活動 面倒なまま残る理由","学生プロジェクト・部活動 変わらない原因","学生プロジェクト・部活動 改善しにくい理由","学生プロジェクト・部活動 不便が残る","学生プロジェクト・部活動 面倒を減らす方法","学生プロジェクト・部活動 変える手順","学生プロジェクト・部活動 最初の一歩","学生プロジェクト・部活動 対処法","https://aplz.dev/articles/なぜ学生プロジェクト-部活動は-少しだけ面倒なまま残るのか-a057"
"学生プロジェクト-部活動を一人で抱えないための小さな表-a058","学生プロジェクト・部活動を一人で抱えないための小さな表","学ぶ","F04 比較・選択・判断","地方・田舎で暮らす人","学生プロジェクト・部活動を一人で抱えないための小さな表","学生プロジェクト・部活動 チェックリスト","学生プロジェクト・部活動 一人で抱えない方法","学生プロジェクト・部活動 共有方法","学生プロジェクト・部活動 分担の決め方","学生プロジェクト・部活動 見える化","学生プロジェクト・部活動 小さな表","学生プロジェクト・部活動 担当者の負担","学生プロジェクト・部活動 属人化を防ぐ","学生プロジェクト・部活動 相談の仕方","https://aplz.dev/articles/学生プロジェクト-部活動を一人で抱えないための小さな表-a058"
"学生プロジェクト-部活動で最初に迷う場所を見取り図にする-a059","学生プロジェクト・部活動で最初に迷う場所を見取り図にする","学ぶ","F05 チェックリスト・テンプレート","家族や共同生活を運営する人","学生プロジェクト・部活動で最初に迷う場所を見取り図にする","学生プロジェクト・部活動 仕組み","学生プロジェクト・部活動 迷う場所","学生プロジェクト・部活動 見取り図","学生プロジェクト・部活動 流れを整理","学生プロジェクト・部活動 手順を可視化","学生プロジェクト・部活動 最初に確認すること","学生プロジェクト・部活動 判断基準","学生プロジェクト・部活動 困る場面","学生プロジェクト・部活動 選び方","https://aplz.dev/articles/学生プロジェクト-部活動で最初に迷う場所を見取り図にする-a059"
"学生プロジェクト-部活動の失敗例を先に並べてみる-a060","学生プロジェクト・部活動の失敗例を先に並べてみる","学ぶ","F06 無料ツール・計算機","特定の目的なく面白い記事を読みたい一般読者","学生プロジェクト・部活動の失敗例を先に並べてみる","学生プロジェクト・部活動 失敗","学生プロジェクト・部活動 失敗例","学生プロジェクト・部活動 よくある失敗","学生プロジェクト・部活動 注意点","学生プロジェクト・部活動 やってはいけないこと","学生プロジェクト・部活動 失敗を防ぐ","学生プロジェクト・部活動 トラブル例","学生プロジェクト・部活動 改善例","学生プロジェクト・部活動 確認項目","https://aplz.dev/articles/学生プロジェクト-部活動の失敗例を先に並べてみる-a060"
"記憶-理解-考える技術は-誰のために続いているのか-a061","記憶・理解・考える技術は、誰のために続いているのか","学ぶ","F07 図鑑・データベース","中学生・高校生・高専生","記憶・理解・考える技術は 誰のために続いているのか","記憶・理解・考える技術 なぜ","記憶・理解・考える技術 誰のため","記憶・理解・考える技術 続く理由","記憶・理解・考える技術 役割","記憶・理解・考える技術 必要な理由","記憶・理解・考える技術 負担している人","記憶・理解・考える技術 見直す基準","記憶・理解・考える技術 なくならない理由","記憶・理解・考える技術 関係者","https://aplz.dev/articles/記憶-理解-考える技術は-誰のために続いているのか-a061"
"なぜ記憶-理解-考える技術は-少しだけ面倒なまま残るのか-a062","なぜ記憶・理解・考える技術は、少しだけ面倒なまま残るのか","学ぶ","F09 密着・一日・現場ルポ","大学生","なぜ記憶・理解・考える技術は 少しだけ面倒なまま残るのか","記憶・理解・考える技術 方法","記憶・理解・考える技術 面倒なまま残る理由","記憶・理解・考える技術 変わらない原因","記憶・理解・考える技術 改善しにくい理由","記憶・理解・考える技術 不便が残る","記憶・理解・考える技術 面倒を減らす方法","記憶・理解・考える技術 変える手順","記憶・理解・考える技術 最初の一歩","記憶・理解・考える技術 対処法","https://aplz.dev/articles/なぜ記憶-理解-考える技術は-少しだけ面倒なまま残るのか-a062"
"記憶-理解-考える技術を一人で抱えないための小さな表-a063","記憶・理解・考える技術を一人で抱えないための小さな表","学ぶ","F10 制作ドキュメンタリー","教員・学校職員","記憶・理解・考える技術を一人で抱えないための小さな表","記憶・理解・考える技術 チェックリスト","記憶・理解・考える技術 一人で抱えない方法","記憶・理解・考える技術 共有方法","記憶・理解・考える技術 分担の決め方","記憶・理解・考える技術 見える化","記憶・理解・考える技術 小さな表","記憶・理解・考える技術 担当者の負担","記憶・理解・考える技術 属人化を防ぐ","記憶・理解・考える技術 相談の仕方","https://aplz.dev/articles/記憶-理解-考える技術を一人で抱えないための小さな表-a063"
"記憶-理解-考える技術で最初に迷う場所を見取り図にする-a064","記憶・理解・考える技術で最初に迷う場所を見取り図にする","学ぶ","F11 エッセー・論考・問題提起","保護者・PTA","記憶・理解・考える技術で最初に迷う場所を見取り図にする","記憶・理解・考える技術 仕組み","記憶・理解・考える技術 迷う場所","記憶・理解・考える技術 見取り図","記憶・理解・考える技術 流れを整理","記憶・理解・考える技術 手順を可視化","記憶・理解・考える技術 最初に確認すること","記憶・理解・考える技術 判断基準","記憶・理解・考える技術 困る場面","記憶・理解・考える技術 選び方","https://aplz.dev/articles/記憶-理解-考える技術で最初に迷う場所を見取り図にする-a064"
"記憶-理解-考える技術の失敗例を先に並べてみる-a065","記憶・理解・考える技術の失敗例を先に並べてみる","学ぶ","F12 データ記事・白書","町内会・自治会関係者","記憶・理解・考える技術の失敗例を先に並べてみる","記憶・理解・考える技術 失敗","記憶・理解・考える技術 失敗例","記憶・理解・考える技術 よくある失敗","記憶・理解・考える技術 注意点","記憶・理解・考える技術 やってはいけないこと","記憶・理解・考える技術 失敗を防ぐ","記憶・理解・考える技術 トラブル例","記憶・理解・考える技術 改善例","記憶・理解・考える技術 確認項目","https://aplz.dev/articles/記憶-理解-考える技術の失敗例を先に並べてみる-a065"
"小さな仕事-名もない作業は-誰のために続いているのか-a066","小さな仕事・名もない作業は、誰のために続いているのか","働く","F13 実験・検証・対決","地域イベント運営者","小さな仕事・名もない作業は 誰のために続いているのか","小さな仕事・名もない作業 なぜ","小さな仕事・名もない作業 誰のため","小さな仕事・名もない作業 続く理由","小さな仕事・名もない作業 役割","小さな仕事・名もない作業 必要な理由","小さな仕事・名もない作業 負担している人","小さな仕事・名もない作業 見直す基準","小さな仕事・名もない作業 なくならない理由","小さな仕事・名もない作業 関係者","https://aplz.dev/articles/小さな仕事-名もない作業は-誰のために続いているのか-a066"
"なぜ小さな仕事-名もない作業は-少しだけ面倒なまま残るのか-a067","なぜ小さな仕事・名もない作業は、少しだけ面倒なまま残るのか","働く","F14 ビジュアル解説","個人事業主","なぜ小さな仕事・名もない作業は 少しだけ面倒なまま残るのか","小さな仕事・名もない作業 方法","小さな仕事・名もない作業 面倒なまま残る理由","小さな仕事・名もない作業 変わらない原因","小さな仕事・名もない作業 改善しにくい理由","小さな仕事・名もない作業 不便が残る","小さな仕事・名もない作業 面倒を減らす方法","小さな仕事・名もない作業 変える手順","小さな仕事・名もない作業 最初の一歩","小さな仕事・名もない作業 対処法","https://aplz.dev/articles/なぜ小さな仕事-名もない作業は-少しだけ面倒なまま残るのか-a067"
"小さな仕事-名もない作業を一人で抱えないための小さな表-a068","小さな仕事・名もない作業を一人で抱えないための小さな表","働く","F15 診断・クイズ","副業を始めたい人","小さな仕事・名もない作業を一人で抱えないための小さな表","小さな仕事・名もない作業 チェックリスト","小さな仕事・名もない作業 一人で抱えない方法","小さな仕事・名もない作業 共有方法","小さな仕事・名もない作業 分担の決め方","小さな仕事・名もない作業 見える化","小さな仕事・名もない作業 小さな表","小さな仕事・名もない作業 担当者の負担","小さな仕事・名もない作業 属人化を防ぐ","小さな仕事・名もない作業 相談の仕方","https://aplz.dev/articles/小さな仕事-名もない作業を一人で抱えないための小さな表-a068"
"小さな仕事-名もない作業で最初に迷う場所を見取り図にする-a069","小さな仕事・名もない作業で最初に迷う場所を見取り図にする","働く","F16 投稿・Q&A・相談","小規模店舗の店主","小さな仕事・名もない作業で最初に迷う場所を見取り図にする","小さな仕事・名もない作業 仕組み","小さな仕事・名もない作業 迷う場所","小さな仕事・名もない作業 見取り図","小さな仕事・名もない作業 流れを整理","小さな仕事・名もない作業 手順を可視化","小さな仕事・名もない作業 最初に確認すること","小さな仕事・名もない作業 判断基準","小さな仕事・名もない作業 困る場面","小さな仕事・名もない作業 選び方","https://aplz.dev/articles/小さな仕事-名もない作業で最初に迷う場所を見取り図にする-a069"
"小さな仕事-名もない作業の失敗例を先に並べてみる-a070","小さな仕事・名もない作業の失敗例を先に並べてみる","働く","F17 歴史・文化・由来","飲食店・キッチンカー運営者","小さな仕事・名もない作業の失敗例を先に並べてみる","小さな仕事・名もない作業 失敗","小さな仕事・名もない作業 失敗例","小さな仕事・名もない作業 よくある失敗","小さな仕事・名もない作業 注意点","小さな仕事・名もない作業 やってはいけないこと","小さな仕事・名もない作業 失敗を防ぐ","小さな仕事・名もない作業 トラブル例","小さな仕事・名もない作業 改善例","小さな仕事・名もない作業 確認項目","https://aplz.dev/articles/小さな仕事-名もない作業の失敗例を先に並べてみる-a070"
"働き方-時間-疲労は-誰のために続いているのか-a071","働き方・時間・疲労は、誰のために続いているのか","働く","F18 ニュース・トレンド分析","サロン・教室運営者","働き方・時間・疲労は 誰のために続いているのか","働き方・時間・疲労 なぜ","働き方・時間・疲労 誰のため","働き方・時間・疲労 続く理由","働き方・時間・疲労 役割","働き方・時間・疲労 必要な理由","働き方・時間・疲労 負担している人","働き方・時間・疲労 見直す基準","働き方・時間・疲労 なくならない理由","働き方・時間・疲労 関係者","https://aplz.dev/articles/働き方-時間-疲労は-誰のために続いているのか-a071"
"なぜ働き方-時間-疲労は-少しだけ面倒なまま残るのか-a072","なぜ働き方・時間・疲労は、少しだけ面倒なまま残るのか","働く","F03 解説・仕組み","民泊・観光関係者","なぜ働き方・時間・疲労は 少しだけ面倒なまま残るのか","働き方・時間・疲労 方法","働き方・時間・疲労 面倒なまま残る理由","働き方・時間・疲労 変わらない原因","働き方・時間・疲労 改善しにくい理由","働き方・時間・疲労 不便が残る","働き方・時間・疲労 面倒を減らす方法","働き方・時間・疲労 変える手順","働き方・時間・疲労 最初の一歩","働き方・時間・疲労 対処法","https://aplz.dev/articles/なぜ働き方-時間-疲労は-少しだけ面倒なまま残るのか-a072"
"働き方-時間-疲労を一人で抱えないための小さな表-a073","働き方・時間・疲労を一人で抱えないための小さな表","働く","F01 検索回答記事","フリーランス・クリエイター","働き方・時間・疲労を一人で抱えないための小さな表","働き方・時間・疲労 チェックリスト","働き方・時間・疲労 一人で抱えない方法","働き方・時間・疲労 共有方法","働き方・時間・疲労 分担の決め方","働き方・時間・疲労 見える化","働き方・時間・疲労 小さな表","働き方・時間・疲労 担当者の負担","働き方・時間・疲労 属人化を防ぐ","働き方・時間・疲労 相談の仕方","https://aplz.dev/articles/働き方-時間-疲労を一人で抱えないための小さな表-a073"
"働き方-時間-疲労で最初に迷う場所を見取り図にする-a074","働き方・時間・疲労で最初に迷う場所を見取り図にする","働く","F02 手順・ハウツー","エンジニア・開発者","働き方・時間・疲労で最初に迷う場所を見取り図にする","働き方・時間・疲労 仕組み","働き方・時間・疲労 迷う場所","働き方・時間・疲労 見取り図","働き方・時間・疲労 流れを整理","働き方・時間・疲労 手順を可視化","働き方・時間・疲労 最初に確認すること","働き方・時間・疲労 判断基準","働き方・時間・疲労 困る場面","働き方・時間・疲労 選び方","https://aplz.dev/articles/働き方-時間-疲労で最初に迷う場所を見取り図にする-a074"
"働き方-時間-疲労の失敗例を先に並べてみる-a075","働き方・時間・疲労の失敗例を先に並べてみる","働く","F03 解説・仕組み","技術に詳しくない事務担当者","働き方・時間・疲労の失敗例を先に並べてみる","働き方・時間・疲労 失敗","働き方・時間・疲労 失敗例","働き方・時間・疲労 よくある失敗","働き方・時間・疲労 注意点","働き方・時間・疲労 やってはいけないこと","働き方・時間・疲労 失敗を防ぐ","働き方・時間・疲労 トラブル例","働き方・時間・疲労 改善例","働き方・時間・疲労 確認項目","https://aplz.dev/articles/働き方-時間-疲労の失敗例を先に並べてみる-a075"
"チーム-組織-会議は-誰のために続いているのか-a076","チーム・組織・会議は、誰のために続いているのか","働く","F04 比較・選択・判断","チームやプロジェクトの責任者","チーム・組織・会議は 誰のために続いているのか","チーム・組織・会議 なぜ","チーム・組織・会議 誰のため","チーム・組織・会議 続く理由","チーム・組織・会議 役割","チーム・組織・会議 必要な理由","チーム・組織・会議 負担している人","チーム・組織・会議 見直す基準","チーム・組織・会議 なくならない理由","チーム・組織・会議 関係者","https://aplz.dev/articles/チーム-組織-会議は-誰のために続いているのか-a076"
"なぜチーム-組織-会議は-少しだけ面倒なまま残るのか-a077","なぜチーム・組織・会議は、少しだけ面倒なまま残るのか","働く","F05 チェックリスト・テンプレート","NPO・ボランティア関係者","なぜチーム・組織・会議は 少しだけ面倒なまま残るのか","チーム・組織・会議 方法","チーム・組織・会議 面倒なまま残る理由","チーム・組織・会議 変わらない原因","チーム・組織・会議 改善しにくい理由","チーム・組織・会議 不便が残る","チーム・組織・会議 面倒を減らす方法","チーム・組織・会議 変える手順","チーム・組織・会議 最初の一歩","チーム・組織・会議 対処法","https://aplz.dev/articles/なぜチーム-組織-会議は-少しだけ面倒なまま残るのか-a077"
"チーム-組織-会議を一人で抱えないための小さな表-a078","チーム・組織・会議を一人で抱えないための小さな表","働く","F06 無料ツール・計算機","地方・田舎で暮らす人","チーム・組織・会議を一人で抱えないための小さな表","チーム・組織・会議 チェックリスト","チーム・組織・会議 一人で抱えない方法","チーム・組織・会議 共有方法","チーム・組織・会議 分担の決め方","チーム・組織・会議 見える化","チーム・組織・会議 小さな表","チーム・組織・会議 担当者の負担","チーム・組織・会議 属人化を防ぐ","チーム・組織・会議 相談の仕方","https://aplz.dev/articles/チーム-組織-会議を一人で抱えないための小さな表-a078"
"チーム-組織-会議で最初に迷う場所を見取り図にする-a079","チーム・組織・会議で最初に迷う場所を見取り図にする","働く","F07 図鑑・データベース","家族や共同生活を運営する人","チーム・組織・会議で最初に迷う場所を見取り図にする","チーム・組織・会議 仕組み","チーム・組織・会議 迷う場所","チーム・組織・会議 見取り図","チーム・組織・会議 流れを整理","チーム・組織・会議 手順を可視化","チーム・組織・会議 最初に確認すること","チーム・組織・会議 判断基準","チーム・組織・会議 困る場面","チーム・組織・会議 選び方","https://aplz.dev/articles/チーム-組織-会議で最初に迷う場所を見取り図にする-a079"
"チーム-組織-会議の失敗例を先に並べてみる-a080","チーム・組織・会議の失敗例を先に並べてみる","働く","F09 密着・一日・現場ルポ","特定の目的なく面白い記事を読みたい一般読者","チーム・組織・会議の失敗例を先に並べてみる","チーム・組織・会議 失敗","チーム・組織・会議 失敗例","チーム・組織・会議 よくある失敗","チーム・組織・会議 注意点","チーム・組織・会議 やってはいけないこと","チーム・組織・会議 失敗を防ぐ","チーム・組織・会議 トラブル例","チーム・組織・会議 改善例","チーム・組織・会議 確認項目","https://aplz.dev/articles/チーム-組織-会議の失敗例を先に並べてみる-a080"
"引き継ぎ-属人化-記録は-誰のために続いているのか-a081","引き継ぎ・属人化・記録は、誰のために続いているのか","働く","F10 制作ドキュメンタリー","中学生・高校生・高専生","引き継ぎ・属人化・記録は 誰のために続いているのか","引き継ぎ・属人化・記録 なぜ","引き継ぎ・属人化・記録 誰のため","引き継ぎ・属人化・記録 続く理由","引き継ぎ・属人化・記録 役割","引き継ぎ・属人化・記録 必要な理由","引き継ぎ・属人化・記録 負担している人","引き継ぎ・属人化・記録 見直す基準","引き継ぎ・属人化・記録 なくならない理由","引き継ぎ・属人化・記録 関係者","https://aplz.dev/articles/引き継ぎ-属人化-記録は-誰のために続いているのか-a081"
"なぜ引き継ぎ-属人化-記録は-少しだけ面倒なまま残るのか-a082","なぜ引き継ぎ・属人化・記録は、少しだけ面倒なまま残るのか","働く","F11 エッセー・論考・問題提起","大学生","なぜ引き継ぎ・属人化・記録は 少しだけ面倒なまま残るのか","引き継ぎ・属人化・記録 方法","引き継ぎ・属人化・記録 面倒なまま残る理由","引き継ぎ・属人化・記録 変わらない原因","引き継ぎ・属人化・記録 改善しにくい理由","引き継ぎ・属人化・記録 不便が残る","引き継ぎ・属人化・記録 面倒を減らす方法","引き継ぎ・属人化・記録 変える手順","引き継ぎ・属人化・記録 最初の一歩","引き継ぎ・属人化・記録 対処法","https://aplz.dev/articles/なぜ引き継ぎ-属人化-記録は-少しだけ面倒なまま残るのか-a082"
"引き継ぎ-属人化-記録を一人で抱えないための小さな表-a083","引き継ぎ・属人化・記録を一人で抱えないための小さな表","働く","F12 データ記事・白書","教員・学校職員","引き継ぎ・属人化・記録を一人で抱えないための小さな表","引き継ぎ・属人化・記録 チェックリスト","引き継ぎ・属人化・記録 一人で抱えない方法","引き継ぎ・属人化・記録 共有方法","引き継ぎ・属人化・記録 分担の決め方","引き継ぎ・属人化・記録 見える化","引き継ぎ・属人化・記録 小さな表","引き継ぎ・属人化・記録 担当者の負担","引き継ぎ・属人化・記録 属人化を防ぐ","引き継ぎ・属人化・記録 相談の仕方","https://aplz.dev/articles/引き継ぎ-属人化-記録を一人で抱えないための小さな表-a083"
"引き継ぎ-属人化-記録で最初に迷う場所を見取り図にする-a084","引き継ぎ・属人化・記録で最初に迷う場所を見取り図にする","働く","F13 実験・検証・対決","保護者・PTA","引き継ぎ・属人化・記録で最初に迷う場所を見取り図にする","引き継ぎ・属人化・記録 仕組み","引き継ぎ・属人化・記録 迷う場所","引き継ぎ・属人化・記録 見取り図","引き継ぎ・属人化・記録 流れを整理","引き継ぎ・属人化・記録 手順を可視化","引き継ぎ・属人化・記録 最初に確認すること","引き継ぎ・属人化・記録 判断基準","引き継ぎ・属人化・記録 困る場面","引き継ぎ・属人化・記録 選び方","https://aplz.dev/articles/引き継ぎ-属人化-記録で最初に迷う場所を見取り図にする-a084"
"引き継ぎ-属人化-記録の失敗例を先に並べてみる-a085","引き継ぎ・属人化・記録の失敗例を先に並べてみる","働く","F14 ビジュアル解説","町内会・自治会関係者","引き継ぎ・属人化・記録の失敗例を先に並べてみる","引き継ぎ・属人化・記録 失敗","引き継ぎ・属人化・記録 失敗例","引き継ぎ・属人化・記録 よくある失敗","引き継ぎ・属人化・記録 注意点","引き継ぎ・属人化・記録 やってはいけないこと","引き継ぎ・属人化・記録 失敗を防ぐ","引き継ぎ・属人化・記録 トラブル例","引き継ぎ・属人化・記録 改善例","引き継ぎ・属人化・記録 確認項目","https://aplz.dev/articles/引き継ぎ-属人化-記録の失敗例を先に並べてみる-a085"
"接客-顧客対応は-誰のために続いているのか-a086","接客・顧客対応は、誰のために続いているのか","働く","F15 診断・クイズ","地域イベント運営者","接客・顧客対応は 誰のために続いているのか","接客・顧客対応 なぜ","接客・顧客対応 誰のため","接客・顧客対応 続く理由","接客・顧客対応 役割","接客・顧客対応 必要な理由","接客・顧客対応 負担している人","接客・顧客対応 見直す基準","接客・顧客対応 なくならない理由","接客・顧客対応 関係者","https://aplz.dev/articles/接客-顧客対応は-誰のために続いているのか-a086"
"なぜ接客-顧客対応は-少しだけ面倒なまま残るのか-a087","なぜ接客・顧客対応は、少しだけ面倒なまま残るのか","働く","F16 投稿・Q&A・相談","個人事業主","なぜ接客・顧客対応は 少しだけ面倒なまま残るのか","接客・顧客対応 方法","接客・顧客対応 面倒なまま残る理由","接客・顧客対応 変わらない原因","接客・顧客対応 改善しにくい理由","接客・顧客対応 不便が残る","接客・顧客対応 面倒を減らす方法","接客・顧客対応 変える手順","接客・顧客対応 最初の一歩","接客・顧客対応 対処法","https://aplz.dev/articles/なぜ接客-顧客対応は-少しだけ面倒なまま残るのか-a087"
"接客-顧客対応を一人で抱えないための小さな表-a088","接客・顧客対応を一人で抱えないための小さな表","働く","F17 歴史・文化・由来","副業を始めたい人","接客・顧客対応を一人で抱えないための小さな表","接客・顧客対応 チェックリスト","接客・顧客対応 一人で抱えない方法","接客・顧客対応 共有方法","接客・顧客対応 分担の決め方","接客・顧客対応 見える化","接客・顧客対応 小さな表","接客・顧客対応 担当者の負担","接客・顧客対応 属人化を防ぐ","接客・顧客対応 相談の仕方","https://aplz.dev/articles/接客-顧客対応を一人で抱えないための小さな表-a088"
"接客-顧客対応で最初に迷う場所を見取り図にする-a089","接客・顧客対応で最初に迷う場所を見取り図にする","働く","F18 ニュース・トレンド分析","小規模店舗の店主","接客・顧客対応で最初に迷う場所を見取り図にする","接客・顧客対応 仕組み","接客・顧客対応 迷う場所","接客・顧客対応 見取り図","接客・顧客対応 流れを整理","接客・顧客対応 手順を可視化","接客・顧客対応 最初に確認すること","接客・顧客対応 判断基準","接客・顧客対応 困る場面","接客・顧客対応 選び方","https://aplz.dev/articles/接客-顧客対応で最初に迷う場所を見取り図にする-a089"
"接客-顧客対応の失敗例を先に並べてみる-a090","接客・顧客対応の失敗例を先に並べてみる","働く","F03 解説・仕組み","飲食店・キッチンカー運営者","接客・顧客対応の失敗例を先に並べてみる","接客・顧客対応 失敗","接客・顧客対応 失敗例","接客・顧客対応 よくある失敗","接客・顧客対応 注意点","接客・顧客対応 やってはいけないこと","接客・顧客対応 失敗を防ぐ","接客・顧客対応 トラブル例","接客・顧客対応 改善例","接客・顧客対応 確認項目","https://aplz.dev/articles/接客-顧客対応の失敗例を先に並べてみる-a090"
"採用-教育-働き始めは-誰のために続いているのか-a091","採用・教育・働き始めは、誰のために続いているのか","働く","F01 検索回答記事","サロン・教室運営者","採用・教育・働き始めは 誰のために続いているのか","採用・教育・働き始め なぜ","採用・教育・働き始め 誰のため","採用・教育・働き始め 続く理由","採用・教育・働き始め 役割","採用・教育・働き始め 必要な理由","採用・教育・働き始め 負担している人","採用・教育・働き始め 見直す基準","採用・教育・働き始め なくならない理由","採用・教育・働き始め 関係者","https://aplz.dev/articles/採用-教育-働き始めは-誰のために続いているのか-a091"
"なぜ採用-教育-働き始めは-少しだけ面倒なまま残るのか-a092","なぜ採用・教育・働き始めは、少しだけ面倒なまま残るのか","働く","F02 手順・ハウツー","民泊・観光関係者","なぜ採用・教育・働き始めは 少しだけ面倒なまま残るのか","採用・教育・働き始め 方法","採用・教育・働き始め 面倒なまま残る理由","採用・教育・働き始め 変わらない原因","採用・教育・働き始め 改善しにくい理由","採用・教育・働き始め 不便が残る","採用・教育・働き始め 面倒を減らす方法","採用・教育・働き始め 変える手順","採用・教育・働き始め 最初の一歩","採用・教育・働き始め 対処法","https://aplz.dev/articles/なぜ採用-教育-働き始めは-少しだけ面倒なまま残るのか-a092"
"採用-教育-働き始めを一人で抱えないための小さな表-a093","採用・教育・働き始めを一人で抱えないための小さな表","働く","F03 解説・仕組み","フリーランス・クリエイター","採用・教育・働き始めを一人で抱えないための小さな表","採用・教育・働き始め チェックリスト","採用・教育・働き始め 一人で抱えない方法","採用・教育・働き始め 共有方法","採用・教育・働き始め 分担の決め方","採用・教育・働き始め 見える化","採用・教育・働き始め 小さな表","採用・教育・働き始め 担当者の負担","採用・教育・働き始め 属人化を防ぐ","採用・教育・働き始め 相談の仕方","https://aplz.dev/articles/採用-教育-働き始めを一人で抱えないための小さな表-a093"
"採用-教育-働き始めで最初に迷う場所を見取り図にする-a094","採用・教育・働き始めで最初に迷う場所を見取り図にする","働く","F04 比較・選択・判断","エンジニア・開発者","採用・教育・働き始めで最初に迷う場所を見取り図にする","採用・教育・働き始め 仕組み","採用・教育・働き始め 迷う場所","採用・教育・働き始め 見取り図","採用・教育・働き始め 流れを整理","採用・教育・働き始め 手順を可視化","採用・教育・働き始め 最初に確認すること","採用・教育・働き始め 判断基準","採用・教育・働き始め 困る場面","採用・教育・働き始め 選び方","https://aplz.dev/articles/採用-教育-働き始めで最初に迷う場所を見取り図にする-a094"
"採用-教育-働き始めの失敗例を先に並べてみる-a095","採用・教育・働き始めの失敗例を先に並べてみる","働く","F05 チェックリスト・テンプレート","技術に詳しくない事務担当者","採用・教育・働き始めの失敗例を先に並べてみる","採用・教育・働き始め 失敗","採用・教育・働き始め 失敗例","採用・教育・働き始め よくある失敗","採用・教育・働き始め 注意点","採用・教育・働き始め やってはいけないこと","採用・教育・働き始め 失敗を防ぐ","採用・教育・働き始め トラブル例","採用・教育・働き始め 改善例","採用・教育・働き始め 確認項目","https://aplz.dev/articles/採用-教育-働き始めの失敗例を先に並べてみる-a095"
"失敗-中止-やり直しは-誰のために続いているのか-a096","失敗・中止・やり直しは、誰のために続いているのか","働く","F06 無料ツール・計算機","チームやプロジェクトの責任者","失敗・中止・やり直しは 誰のために続いているのか","失敗・中止・やり直し なぜ","失敗・中止・やり直し 誰のため","失敗・中止・やり直し 続く理由","失敗・中止・やり直し 役割","失敗・中止・やり直し 必要な理由","失敗・中止・やり直し 負担している人","失敗・中止・やり直し 見直す基準","失敗・中止・やり直し なくならない理由","失敗・中止・やり直し 関係者","https://aplz.dev/articles/失敗-中止-やり直しは-誰のために続いているのか-a096"
"なぜ失敗-中止-やり直しは-少しだけ面倒なまま残るのか-a097","なぜ失敗・中止・やり直しは、少しだけ面倒なまま残るのか","働く","F07 図鑑・データベース","NPO・ボランティア関係者","なぜ失敗・中止・やり直しは 少しだけ面倒なまま残るのか","失敗・中止・やり直し 方法","失敗・中止・やり直し 面倒なまま残る理由","失敗・中止・やり直し 変わらない原因","失敗・中止・やり直し 改善しにくい理由","失敗・中止・やり直し 不便が残る","失敗・中止・やり直し 面倒を減らす方法","失敗・中止・やり直し 変える手順","失敗・中止・やり直し 最初の一歩","失敗・中止・やり直し 対処法","https://aplz.dev/articles/なぜ失敗-中止-やり直しは-少しだけ面倒なまま残るのか-a097"
"失敗-中止-やり直しを一人で抱えないための小さな表-a098","失敗・中止・やり直しを一人で抱えないための小さな表","働く","F09 密着・一日・現場ルポ","地方・田舎で暮らす人","失敗・中止・やり直しを一人で抱えないための小さな表","失敗・中止・やり直し チェックリスト","失敗・中止・やり直し 一人で抱えない方法","失敗・中止・やり直し 共有方法","失敗・中止・やり直し 分担の決め方","失敗・中止・やり直し 見える化","失敗・中止・やり直し 小さな表","失敗・中止・やり直し 担当者の負担","失敗・中止・やり直し 属人化を防ぐ","失敗・中止・やり直し 相談の仕方","https://aplz.dev/articles/失敗-中止-やり直しを一人で抱えないための小さな表-a098"
"失敗-中止-やり直しで最初に迷う場所を見取り図にする-a099","失敗・中止・やり直しで最初に迷う場所を見取り図にする","働く","F10 制作ドキュメンタリー","家族や共同生活を運営する人","失敗・中止・やり直しで最初に迷う場所を見取り図にする","失敗・中止・やり直し 仕組み","失敗・中止・やり直し 迷う場所","失敗・中止・やり直し 見取り図","失敗・中止・やり直し 流れを整理","失敗・中止・やり直し 手順を可視化","失敗・中止・やり直し 最初に確認すること","失敗・中止・やり直し 判断基準","失敗・中止・やり直し 困る場面","失敗・中止・やり直し 選び方","https://aplz.dev/articles/失敗-中止-やり直しで最初に迷う場所を見取り図にする-a099"
"失敗-中止-やり直しの失敗例を先に並べてみる-a100","失敗・中止・やり直しの失敗例を先に並べてみる","働く","F11 エッセー・論考・問題提起","特定の目的なく面白い記事を読みたい一般読者","失敗・中止・やり直しの失敗例を先に並べてみる","失敗・中止・やり直し 失敗","失敗・中止・やり直し 失敗例","失敗・中止・やり直し よくある失敗","失敗・中止・やり直し 注意点","失敗・中止・やり直し やってはいけないこと","失敗・中止・やり直し 失敗を防ぐ","失敗・中止・やり直し トラブル例","失敗・中止・やり直し 改善例","失敗・中止・やり直し 確認項目","https://aplz.dev/articles/失敗-中止-やり直しの失敗例を先に並べてみる-a100"
"個人事業-小さな商売は-誰のために続いているのか-a101","個人事業・小さな商売は、誰のために続いているのか","商う","F12 データ記事・白書","中学生・高校生・高専生","個人事業・小さな商売は 誰のために続いているのか","個人事業・小さな商売 なぜ","個人事業・小さな商売 誰のため","個人事業・小さな商売 続く理由","個人事業・小さな商売 役割","個人事業・小さな商売 必要な理由","個人事業・小さな商売 負担している人","個人事業・小さな商売 見直す基準","個人事業・小さな商売 なくならない理由","個人事業・小さな商売 関係者","https://aplz.dev/articles/個人事業-小さな商売は-誰のために続いているのか-a101"
"なぜ個人事業-小さな商売は-少しだけ面倒なまま残るのか-a102","なぜ個人事業・小さな商売は、少しだけ面倒なまま残るのか","商う","F13 実験・検証・対決","大学生","なぜ個人事業・小さな商売は 少しだけ面倒なまま残るのか","個人事業・小さな商売 方法","個人事業・小さな商売 面倒なまま残る理由","個人事業・小さな商売 変わらない原因","個人事業・小さな商売 改善しにくい理由","個人事業・小さな商売 不便が残る","個人事業・小さな商売 面倒を減らす方法","個人事業・小さな商売 変える手順","個人事業・小さな商売 最初の一歩","個人事業・小さな商売 対処法","https://aplz.dev/articles/なぜ個人事業-小さな商売は-少しだけ面倒なまま残るのか-a102"
"個人事業-小さな商売を一人で抱えないための小さな表-a103","個人事業・小さな商売を一人で抱えないための小さな表","商う","F14 ビジュアル解説","教員・学校職員","個人事業・小さな商売を一人で抱えないための小さな表","個人事業・小さな商売 チェックリスト","個人事業・小さな商売 一人で抱えない方法","個人事業・小さな商売 共有方法","個人事業・小さな商売 分担の決め方","個人事業・小さな商売 見える化","個人事業・小さな商売 小さな表","個人事業・小さな商売 担当者の負担","個人事業・小さな商売 属人化を防ぐ","個人事業・小さな商売 相談の仕方","https://aplz.dev/articles/個人事業-小さな商売を一人で抱えないための小さな表-a103"
"個人事業-小さな商売で最初に迷う場所を見取り図にする-a104","個人事業・小さな商売で最初に迷う場所を見取り図にする","商う","F15 診断・クイズ","保護者・PTA","個人事業・小さな商売で最初に迷う場所を見取り図にする","個人事業・小さな商売 仕組み","個人事業・小さな商売 迷う場所","個人事業・小さな商売 見取り図","個人事業・小さな商売 流れを整理","個人事業・小さな商売 手順を可視化","個人事業・小さな商売 最初に確認すること","個人事業・小さな商売 判断基準","個人事業・小さな商売 困る場面","個人事業・小さな商売 選び方","https://aplz.dev/articles/個人事業-小さな商売で最初に迷う場所を見取り図にする-a104"
"個人事業-小さな商売の失敗例を先に並べてみる-a105","個人事業・小さな商売の失敗例を先に並べてみる","商う","F16 投稿・Q&A・相談","町内会・自治会関係者","個人事業・小さな商売の失敗例を先に並べてみる","個人事業・小さな商売 失敗","個人事業・小さな商売 失敗例","個人事業・小さな商売 よくある失敗","個人事業・小さな商売 注意点","個人事業・小さな商売 やってはいけないこと","個人事業・小さな商売 失敗を防ぐ","個人事業・小さな商売 トラブル例","個人事業・小さな商売 改善例","個人事業・小さな商売 確認項目","https://aplz.dev/articles/個人事業-小さな商売の失敗例を先に並べてみる-a105"
"店舗-商店-地域の店は-誰のために続いているのか-a106","店舗・商店・地域の店は、誰のために続いているのか","商う","F17 歴史・文化・由来","地域イベント運営者","店舗・商店・地域の店は 誰のために続いているのか","店舗・商店・地域の店 なぜ","店舗・商店・地域の店 誰のため","店舗・商店・地域の店 続く理由","店舗・商店・地域の店 役割","店舗・商店・地域の店 必要な理由","店舗・商店・地域の店 負担している人","店舗・商店・地域の店 見直す基準","店舗・商店・地域の店 なくならない理由","店舗・商店・地域の店 関係者","https://aplz.dev/articles/店舗-商店-地域の店は-誰のために続いているのか-a106"
"なぜ店舗-商店-地域の店は-少しだけ面倒なまま残るのか-a107","なぜ店舗・商店・地域の店は、少しだけ面倒なまま残るのか","商う","F18 ニュース・トレンド分析","個人事業主","なぜ店舗・商店・地域の店は 少しだけ面倒なまま残るのか","店舗・商店・地域の店 方法","店舗・商店・地域の店 面倒なまま残る理由","店舗・商店・地域の店 変わらない原因","店舗・商店・地域の店 改善しにくい理由","店舗・商店・地域の店 不便が残る","店舗・商店・地域の店 面倒を減らす方法","店舗・商店・地域の店 変える手順","店舗・商店・地域の店 最初の一歩","店舗・商店・地域の店 対処法","https://aplz.dev/articles/なぜ店舗-商店-地域の店は-少しだけ面倒なまま残るのか-a107"
"店舗-商店-地域の店を一人で抱えないための小さな表-a108","店舗・商店・地域の店を一人で抱えないための小さな表","商う","F03 解説・仕組み","副業を始めたい人","店舗・商店・地域の店を一人で抱えないための小さな表","店舗・商店・地域の店 チェックリスト","店舗・商店・地域の店 一人で抱えない方法","店舗・商店・地域の店 共有方法","店舗・商店・地域の店 分担の決め方","店舗・商店・地域の店 見える化","店舗・商店・地域の店 小さな表","店舗・商店・地域の店 担当者の負担","店舗・商店・地域の店 属人化を防ぐ","店舗・商店・地域の店 相談の仕方","https://aplz.dev/articles/店舗-商店-地域の店を一人で抱えないための小さな表-a108"
"店舗-商店-地域の店で最初に迷う場所を見取り図にする-a109","店舗・商店・地域の店で最初に迷う場所を見取り図にする","商う","F01 検索回答記事","小規模店舗の店主","店舗・商店・地域の店で最初に迷う場所を見取り図にする","店舗・商店・地域の店 仕組み","店舗・商店・地域の店 迷う場所","店舗・商店・地域の店 見取り図","店舗・商店・地域の店 流れを整理","店舗・商店・地域の店 手順を可視化","店舗・商店・地域の店 最初に確認すること","店舗・商店・地域の店 判断基準","店舗・商店・地域の店 困る場面","店舗・商店・地域の店 選び方","https://aplz.dev/articles/店舗-商店-地域の店で最初に迷う場所を見取り図にする-a109"
"店舗-商店-地域の店の失敗例を先に並べてみる-a110","店舗・商店・地域の店の失敗例を先に並べてみる","商う","F02 手順・ハウツー","飲食店・キッチンカー運営者","店舗・商店・地域の店の失敗例を先に並べてみる","店舗・商店・地域の店 失敗","店舗・商店・地域の店 失敗例","店舗・商店・地域の店 よくある失敗","店舗・商店・地域の店 注意点","店舗・商店・地域の店 やってはいけないこと","店舗・商店・地域の店 失敗を防ぐ","店舗・商店・地域の店 トラブル例","店舗・商店・地域の店 改善例","店舗・商店・地域の店 確認項目","https://aplz.dev/articles/店舗-商店-地域の店の失敗例を先に並べてみる-a110"
"飲食店-キッチンカー-屋台は-誰のために続いているのか-a111","飲食店・キッチンカー・屋台は、誰のために続いているのか","商う","F03 解説・仕組み","サロン・教室運営者","飲食店・キッチンカー・屋台は 誰のために続いているのか","飲食店・キッチンカー・屋台 なぜ","飲食店・キッチンカー・屋台 誰のため","飲食店・キッチンカー・屋台 続く理由","飲食店・キッチンカー・屋台 役割","飲食店・キッチンカー・屋台 必要な理由","飲食店・キッチンカー・屋台 負担している人","飲食店・キッチンカー・屋台 見直す基準","飲食店・キッチンカー・屋台 なくならない理由","飲食店・キッチンカー・屋台 関係者","https://aplz.dev/articles/飲食店-キッチンカー-屋台は-誰のために続いているのか-a111"
"なぜ飲食店-キッチンカー-屋台は-少しだけ面倒なまま残るのか-a112","なぜ飲食店・キッチンカー・屋台は、少しだけ面倒なまま残るのか","商う","F04 比較・選択・判断","民泊・観光関係者","なぜ飲食店・キッチンカー・屋台は 少しだけ面倒なまま残るのか","飲食店・キッチンカー・屋台 方法","飲食店・キッチンカー・屋台 面倒なまま残る理由","飲食店・キッチンカー・屋台 変わらない原因","飲食店・キッチンカー・屋台 改善しにくい理由","飲食店・キッチンカー・屋台 不便が残る","飲食店・キッチンカー・屋台 面倒を減らす方法","飲食店・キッチンカー・屋台 変える手順","飲食店・キッチンカー・屋台 最初の一歩","飲食店・キッチンカー・屋台 対処法","https://aplz.dev/articles/なぜ飲食店-キッチンカー-屋台は-少しだけ面倒なまま残るのか-a112"
"飲食店-キッチンカー-屋台を一人で抱えないための小さな表-a113","飲食店・キッチンカー・屋台を一人で抱えないための小さな表","商う","F05 チェックリスト・テンプレート","フリーランス・クリエイター","飲食店・キッチンカー・屋台を一人で抱えないための小さな表","飲食店・キッチンカー・屋台 チェックリスト","飲食店・キッチンカー・屋台 一人で抱えない方法","飲食店・キッチンカー・屋台 共有方法","飲食店・キッチンカー・屋台 分担の決め方","飲食店・キッチンカー・屋台 見える化","飲食店・キッチンカー・屋台 小さな表","飲食店・キッチンカー・屋台 担当者の負担","飲食店・キッチンカー・屋台 属人化を防ぐ","飲食店・キッチンカー・屋台 相談の仕方","https://aplz.dev/articles/飲食店-キッチンカー-屋台を一人で抱えないための小さな表-a113"
"飲食店-キッチンカー-屋台で最初に迷う場所を見取り図にする-a114","飲食店・キッチンカー・屋台で最初に迷う場所を見取り図にする","商う","F06 無料ツール・計算機","エンジニア・開発者","飲食店・キッチンカー・屋台で最初に迷う場所を見取り図にする","飲食店・キッチンカー・屋台 仕組み","飲食店・キッチンカー・屋台 迷う場所","飲食店・キッチンカー・屋台 見取り図","飲食店・キッチンカー・屋台 流れを整理","飲食店・キッチンカー・屋台 手順を可視化","飲食店・キッチンカー・屋台 最初に確認すること","飲食店・キッチンカー・屋台 判断基準","飲食店・キッチンカー・屋台 困る場面","飲食店・キッチンカー・屋台 選び方","https://aplz.dev/articles/飲食店-キッチンカー-屋台で最初に迷う場所を見取り図にする-a114"
"飲食店-キッチンカー-屋台の失敗例を先に並べてみる-a115","飲食店・キッチンカー・屋台の失敗例を先に並べてみる","商う","F07 図鑑・データベース","技術に詳しくない事務担当者","飲食店・キッチンカー・屋台の失敗例を先に並べてみる","飲食店・キッチンカー・屋台 失敗","飲食店・キッチンカー・屋台 失敗例","飲食店・キッチンカー・屋台 よくある失敗","飲食店・キッチンカー・屋台 注意点","飲食店・キッチンカー・屋台 やってはいけないこと","飲食店・キッチンカー・屋台 失敗を防ぐ","飲食店・キッチンカー・屋台 トラブル例","飲食店・キッチンカー・屋台 改善例","飲食店・キッチンカー・屋台 確認項目","https://aplz.dev/articles/飲食店-キッチンカー-屋台の失敗例を先に並べてみる-a115"
"サロン-教室-予約型事業は-誰のために続いているのか-a116","サロン・教室・予約型事業は、誰のために続いているのか","商う","F09 密着・一日・現場ルポ","チームやプロジェクトの責任者","サロン・教室・予約型事業は 誰のために続いているのか","サロン・教室・予約型事業 なぜ","サロン・教室・予約型事業 誰のため","サロン・教室・予約型事業 続く理由","サロン・教室・予約型事業 役割","サロン・教室・予約型事業 必要な理由","サロン・教室・予約型事業 負担している人","サロン・教室・予約型事業 見直す基準","サロン・教室・予約型事業 なくならない理由","サロン・教室・予約型事業 関係者","https://aplz.dev/articles/サロン-教室-予約型事業は-誰のために続いているのか-a116"
"なぜサロン-教室-予約型事業は-少しだけ面倒なまま残るのか-a117","なぜサロン・教室・予約型事業は、少しだけ面倒なまま残るのか","商う","F10 制作ドキュメンタリー","NPO・ボランティア関係者","なぜサロン・教室・予約型事業は 少しだけ面倒なまま残るのか","サロン・教室・予約型事業 方法","サロン・教室・予約型事業 面倒なまま残る理由","サロン・教室・予約型事業 変わらない原因","サロン・教室・予約型事業 改善しにくい理由","サロン・教室・予約型事業 不便が残る","サロン・教室・予約型事業 面倒を減らす方法","サロン・教室・予約型事業 変える手順","サロン・教室・予約型事業 最初の一歩","サロン・教室・予約型事業 対処法","https://aplz.dev/articles/なぜサロン-教室-予約型事業は-少しだけ面倒なまま残るのか-a117"
"サロン-教室-予約型事業を一人で抱えないための小さな表-a118","サロン・教室・予約型事業を一人で抱えないための小さな表","商う","F11 エッセー・論考・問題提起","地方・田舎で暮らす人","サロン・教室・予約型事業を一人で抱えないための小さな表","サロン・教室・予約型事業 チェックリスト","サロン・教室・予約型事業 一人で抱えない方法","サロン・教室・予約型事業 共有方法","サロン・教室・予約型事業 分担の決め方","サロン・教室・予約型事業 見える化","サロン・教室・予約型事業 小さな表","サロン・教室・予約型事業 担当者の負担","サロン・教室・予約型事業 属人化を防ぐ","サロン・教室・予約型事業 相談の仕方","https://aplz.dev/articles/サロン-教室-予約型事業を一人で抱えないための小さな表-a118"
"サロン-教室-予約型事業で最初に迷う場所を見取り図にする-a119","サロン・教室・予約型事業で最初に迷う場所を見取り図にする","商う","F12 データ記事・白書","家族や共同生活を運営する人","サロン・教室・予約型事業で最初に迷う場所を見取り図にする","サロン・教室・予約型事業 仕組み","サロン・教室・予約型事業 迷う場所","サロン・教室・予約型事業 見取り図","サロン・教室・予約型事業 流れを整理","サロン・教室・予約型事業 手順を可視化","サロン・教室・予約型事業 最初に確認すること","サロン・教室・予約型事業 判断基準","サロン・教室・予約型事業 困る場面","サロン・教室・予約型事業 選び方","https://aplz.dev/articles/サロン-教室-予約型事業で最初に迷う場所を見取り図にする-a119"
"サロン-教室-予約型事業の失敗例を先に並べてみる-a120","サロン・教室・予約型事業の失敗例を先に並べてみる","商う","F13 実験・検証・対決","特定の目的なく面白い記事を読みたい一般読者","サロン・教室・予約型事業の失敗例を先に並べてみる","サロン・教室・予約型事業 失敗","サロン・教室・予約型事業 失敗例","サロン・教室・予約型事業 よくある失敗","サロン・教室・予約型事業 注意点","サロン・教室・予約型事業 やってはいけないこと","サロン・教室・予約型事業 失敗を防ぐ","サロン・教室・予約型事業 トラブル例","サロン・教室・予約型事業 改善例","サロン・教室・予約型事業 確認項目","https://aplz.dev/articles/サロン-教室-予約型事業の失敗例を先に並べてみる-a120"
"民泊-宿-観光は-誰のために続いているのか-a121","民泊・宿・観光は、誰のために続いているのか","商う","F14 ビジュアル解説","中学生・高校生・高専生","民泊・宿・観光は 誰のために続いているのか","民泊・宿・観光 なぜ","民泊・宿・観光 誰のため","民泊・宿・観光 続く理由","民泊・宿・観光 役割","民泊・宿・観光 必要な理由","民泊・宿・観光 負担している人","民泊・宿・観光 見直す基準","民泊・宿・観光 なくならない理由","民泊・宿・観光 関係者","https://aplz.dev/articles/民泊-宿-観光は-誰のために続いているのか-a121"
"なぜ民泊-宿-観光は-少しだけ面倒なまま残るのか-a122","なぜ民泊・宿・観光は、少しだけ面倒なまま残るのか","商う","F15 診断・クイズ","大学生","なぜ民泊・宿・観光は 少しだけ面倒なまま残るのか","民泊・宿・観光 方法","民泊・宿・観光 面倒なまま残る理由","民泊・宿・観光 変わらない原因","民泊・宿・観光 改善しにくい理由","民泊・宿・観光 不便が残る","民泊・宿・観光 面倒を減らす方法","民泊・宿・観光 変える手順","民泊・宿・観光 最初の一歩","民泊・宿・観光 対処法","https://aplz.dev/articles/なぜ民泊-宿-観光は-少しだけ面倒なまま残るのか-a122"
"民泊-宿-観光を一人で抱えないための小さな表-a123","民泊・宿・観光を一人で抱えないための小さな表","商う","F16 投稿・Q&A・相談","教員・学校職員","民泊・宿・観光を一人で抱えないための小さな表","民泊・宿・観光 チェックリスト","民泊・宿・観光 一人で抱えない方法","民泊・宿・観光 共有方法","民泊・宿・観光 分担の決め方","民泊・宿・観光 見える化","民泊・宿・観光 小さな表","民泊・宿・観光 担当者の負担","民泊・宿・観光 属人化を防ぐ","民泊・宿・観光 相談の仕方","https://aplz.dev/articles/民泊-宿-観光を一人で抱えないための小さな表-a123"
"民泊-宿-観光で最初に迷う場所を見取り図にする-a124","民泊・宿・観光で最初に迷う場所を見取り図にする","商う","F17 歴史・文化・由来","保護者・PTA","民泊・宿・観光で最初に迷う場所を見取り図にする","民泊・宿・観光 仕組み","民泊・宿・観光 迷う場所","民泊・宿・観光 見取り図","民泊・宿・観光 流れを整理","民泊・宿・観光 手順を可視化","民泊・宿・観光 最初に確認すること","民泊・宿・観光 判断基準","民泊・宿・観光 困る場面","民泊・宿・観光 選び方","https://aplz.dev/articles/民泊-宿-観光で最初に迷う場所を見取り図にする-a124"
"民泊-宿-観光の失敗例を先に並べてみる-a125","民泊・宿・観光の失敗例を先に並べてみる","商う","F18 ニュース・トレンド分析","町内会・自治会関係者","民泊・宿・観光の失敗例を先に並べてみる","民泊・宿・観光 失敗","民泊・宿・観光 失敗例","民泊・宿・観光 よくある失敗","民泊・宿・観光 注意点","民泊・宿・観光 やってはいけないこと","民泊・宿・観光 失敗を防ぐ","民泊・宿・観光 トラブル例","民泊・宿・観光 改善例","民泊・宿・観光 確認項目","https://aplz.dev/articles/民泊-宿-観光の失敗例を先に並べてみる-a125"
"お金-価格-会計は-誰のために続いているのか-a126","お金・価格・会計は、誰のために続いているのか","商う","F03 解説・仕組み","地域イベント運営者","お金・価格・会計は 誰のために続いているのか","お金・価格・会計 なぜ","お金・価格・会計 誰のため","お金・価格・会計 続く理由","お金・価格・会計 役割","お金・価格・会計 必要な理由","お金・価格・会計 負担している人","お金・価格・会計 見直す基準","お金・価格・会計 なくならない理由","お金・価格・会計 関係者","https://aplz.dev/articles/お金-価格-会計は-誰のために続いているのか-a126"
"なぜお金-価格-会計は-少しだけ面倒なまま残るのか-a127","なぜお金・価格・会計は、少しだけ面倒なまま残るのか","商う","F01 検索回答記事","個人事業主","なぜお金・価格・会計は 少しだけ面倒なまま残るのか","お金・価格・会計 方法","お金・価格・会計 面倒なまま残る理由","お金・価格・会計 変わらない原因","お金・価格・会計 改善しにくい理由","お金・価格・会計 不便が残る","お金・価格・会計 面倒を減らす方法","お金・価格・会計 変える手順","お金・価格・会計 最初の一歩","お金・価格・会計 対処法","https://aplz.dev/articles/なぜお金-価格-会計は-少しだけ面倒なまま残るのか-a127"
"お金-価格-会計を一人で抱えないための小さな表-a128","お金・価格・会計を一人で抱えないための小さな表","商う","F02 手順・ハウツー","副業を始めたい人","お金・価格・会計を一人で抱えないための小さな表","お金・価格・会計 チェックリスト","お金・価格・会計 一人で抱えない方法","お金・価格・会計 共有方法","お金・価格・会計 分担の決め方","お金・価格・会計 見える化","お金・価格・会計 小さな表","お金・価格・会計 担当者の負担","お金・価格・会計 属人化を防ぐ","お金・価格・会計 相談の仕方","https://aplz.dev/articles/お金-価格-会計を一人で抱えないための小さな表-a128"
"お金-価格-会計で最初に迷う場所を見取り図にする-a129","お金・価格・会計で最初に迷う場所を見取り図にする","商う","F03 解説・仕組み","小規模店舗の店主","お金・価格・会計で最初に迷う場所を見取り図にする","お金・価格・会計 仕組み","お金・価格・会計 迷う場所","お金・価格・会計 見取り図","お金・価格・会計 流れを整理","お金・価格・会計 手順を可視化","お金・価格・会計 最初に確認すること","お金・価格・会計 判断基準","お金・価格・会計 困る場面","お金・価格・会計 選び方","https://aplz.dev/articles/お金-価格-会計で最初に迷う場所を見取り図にする-a129"
"お金-価格-会計の失敗例を先に並べてみる-a130","お金・価格・会計の失敗例を先に並べてみる","商う","F04 比較・選択・判断","飲食店・キッチンカー運営者","お金・価格・会計の失敗例を先に並べてみる","お金・価格・会計 失敗","お金・価格・会計 失敗例","お金・価格・会計 よくある失敗","お金・価格・会計 注意点","お金・価格・会計 やってはいけないこと","お金・価格・会計 失敗を防ぐ","お金・価格・会計 トラブル例","お金・価格・会計 改善例","お金・価格・会計 確認項目","https://aplz.dev/articles/お金-価格-会計の失敗例を先に並べてみる-a130"
"販売-広報-マーケティングは-誰のために続いているのか-a131","販売・広報・マーケティングは、誰のために続いているのか","商う","F05 チェックリスト・テンプレート","サロン・教室運営者","販売・広報・マーケティングは 誰のために続いているのか","販売・広報・マーケティング なぜ","販売・広報・マーケティング 誰のため","販売・広報・マーケティング 続く理由","販売・広報・マーケティング 役割","販売・広報・マーケティング 必要な理由","販売・広報・マーケティング 負担している人","販売・広報・マーケティング 見直す基準","販売・広報・マーケティング なくならない理由","販売・広報・マーケティング 関係者","https://aplz.dev/articles/販売-広報-マーケティングは-誰のために続いているのか-a131"
"なぜ販売-広報-マーケティングは-少しだけ面倒なまま残るのか-a132","なぜ販売・広報・マーケティングは、少しだけ面倒なまま残るのか","商う","F06 無料ツール・計算機","民泊・観光関係者","なぜ販売・広報・マーケティングは 少しだけ面倒なまま残るのか","販売・広報・マーケティング 方法","販売・広報・マーケティング 面倒なまま残る理由","販売・広報・マーケティング 変わらない原因","販売・広報・マーケティング 改善しにくい理由","販売・広報・マーケティング 不便が残る","販売・広報・マーケティング 面倒を減らす方法","販売・広報・マーケティング 変える手順","販売・広報・マーケティング 最初の一歩","販売・広報・マーケティング 対処法","https://aplz.dev/articles/なぜ販売-広報-マーケティングは-少しだけ面倒なまま残るのか-a132"
"販売-広報-マーケティングを一人で抱えないための小さな表-a133","販売・広報・マーケティングを一人で抱えないための小さな表","商う","F07 図鑑・データベース","フリーランス・クリエイター","販売・広報・マーケティングを一人で抱えないための小さな表","販売・広報・マーケティング チェックリスト","販売・広報・マーケティング 一人で抱えない方法","販売・広報・マーケティング 共有方法","販売・広報・マーケティング 分担の決め方","販売・広報・マーケティング 見える化","販売・広報・マーケティング 小さな表","販売・広報・マーケティング 担当者の負担","販売・広報・マーケティング 属人化を防ぐ","販売・広報・マーケティング 相談の仕方","https://aplz.dev/articles/販売-広報-マーケティングを一人で抱えないための小さな表-a133"
"販売-広報-マーケティングで最初に迷う場所を見取り図にする-a134","販売・広報・マーケティングで最初に迷う場所を見取り図にする","商う","F09 密着・一日・現場ルポ","エンジニア・開発者","販売・広報・マーケティングで最初に迷う場所を見取り図にする","販売・広報・マーケティング 仕組み","販売・広報・マーケティング 迷う場所","販売・広報・マーケティング 見取り図","販売・広報・マーケティング 流れを整理","販売・広報・マーケティング 手順を可視化","販売・広報・マーケティング 最初に確認すること","販売・広報・マーケティング 判断基準","販売・広報・マーケティング 困る場面","販売・広報・マーケティング 選び方","https://aplz.dev/articles/販売-広報-マーケティングで最初に迷う場所を見取り図にする-a134"
"販売-広報-マーケティングの失敗例を先に並べてみる-a135","販売・広報・マーケティングの失敗例を先に並べてみる","商う","F10 制作ドキュメンタリー","技術に詳しくない事務担当者","販売・広報・マーケティングの失敗例を先に並べてみる","販売・広報・マーケティング 失敗","販売・広報・マーケティング 失敗例","販売・広報・マーケティング よくある失敗","販売・広報・マーケティング 注意点","販売・広報・マーケティング やってはいけないこと","販売・広報・マーケティング 失敗を防ぐ","販売・広報・マーケティング トラブル例","販売・広報・マーケティング 改善例","販売・広報・マーケティング 確認項目","https://aplz.dev/articles/販売-広報-マーケティングの失敗例を先に並べてみる-a135"
"町内会-自治会-ptaは-誰のために続いているのか-a136","町内会・自治会・PTAは、誰のために続いているのか","地域に関わる","F11 エッセー・論考・問題提起","チームやプロジェクトの責任者","町内会・自治会・PTAは 誰のために続いているのか","町内会・自治会・PTA なぜ","町内会・自治会・PTA 誰のため","町内会・自治会・PTA 続く理由","町内会・自治会・PTA 役割","町内会・自治会・PTA 必要な理由","町内会・自治会・PTA 負担している人","町内会・自治会・PTA 見直す基準","町内会・自治会・PTA なくならない理由","町内会・自治会・PTA 関係者","https://aplz.dev/articles/町内会-自治会-ptaは-誰のために続いているのか-a136"
"なぜ町内会-自治会-ptaは-少しだけ面倒なまま残るのか-a137","なぜ町内会・自治会・PTAは、少しだけ面倒なまま残るのか","地域に関わる","F12 データ記事・白書","NPO・ボランティア関係者","なぜ町内会・自治会・PTAは 少しだけ面倒なまま残るのか","町内会・自治会・PTA 方法","町内会・自治会・PTA 面倒なまま残る理由","町内会・自治会・PTA 変わらない原因","町内会・自治会・PTA 改善しにくい理由","町内会・自治会・PTA 不便が残る","町内会・自治会・PTA 面倒を減らす方法","町内会・自治会・PTA 変える手順","町内会・自治会・PTA 最初の一歩","町内会・自治会・PTA 対処法","https://aplz.dev/articles/なぜ町内会-自治会-ptaは-少しだけ面倒なまま残るのか-a137"
"町内会-自治会-ptaを一人で抱えないための小さな表-a138","町内会・自治会・PTAを一人で抱えないための小さな表","地域に関わる","F13 実験・検証・対決","地方・田舎で暮らす人","町内会・自治会・PTAを一人で抱えないための小さな表","町内会・自治会・PTA チェックリスト","町内会・自治会・PTA 一人で抱えない方法","町内会・自治会・PTA 共有方法","町内会・自治会・PTA 分担の決め方","町内会・自治会・PTA 見える化","町内会・自治会・PTA 小さな表","町内会・自治会・PTA 担当者の負担","町内会・自治会・PTA 属人化を防ぐ","町内会・自治会・PTA 相談の仕方","https://aplz.dev/articles/町内会-自治会-ptaを一人で抱えないための小さな表-a138"
"町内会-自治会-ptaで最初に迷う場所を見取り図にする-a139","町内会・自治会・PTAで最初に迷う場所を見取り図にする","地域に関わる","F14 ビジュアル解説","家族や共同生活を運営する人","町内会・自治会・PTAで最初に迷う場所を見取り図にする","町内会・自治会・PTA 仕組み","町内会・自治会・PTA 迷う場所","町内会・自治会・PTA 見取り図","町内会・自治会・PTA 流れを整理","町内会・自治会・PTA 手順を可視化","町内会・自治会・PTA 最初に確認すること","町内会・自治会・PTA 判断基準","町内会・自治会・PTA 困る場面","町内会・自治会・PTA 選び方","https://aplz.dev/articles/町内会-自治会-ptaで最初に迷う場所を見取り図にする-a139"
"町内会-自治会-ptaの失敗例を先に並べてみる-a140","町内会・自治会・PTAの失敗例を先に並べてみる","地域に関わる","F15 診断・クイズ","特定の目的なく面白い記事を読みたい一般読者","町内会・自治会・PTAの失敗例を先に並べてみる","町内会・自治会・PTA 失敗","町内会・自治会・PTA 失敗例","町内会・自治会・PTA よくある失敗","町内会・自治会・PTA 注意点","町内会・自治会・PTA やってはいけないこと","町内会・自治会・PTA 失敗を防ぐ","町内会・自治会・PTA トラブル例","町内会・自治会・PTA 改善例","町内会・自治会・PTA 確認項目","https://aplz.dev/articles/町内会-自治会-ptaの失敗例を先に並べてみる-a140"
"地域イベント-祭り-ボランティアは-誰のために続いているのか-a141","地域イベント・祭り・ボランティアは、誰のために続いているのか","地域に関わる","F16 投稿・Q&A・相談","中学生・高校生・高専生","地域イベント・祭り・ボランティアは 誰のために続いているのか","地域イベント・祭り・ボランティア なぜ","地域イベント・祭り・ボランティア 誰のため","地域イベント・祭り・ボランティア 続く理由","地域イベント・祭り・ボランティア 役割","地域イベント・祭り・ボランティア 必要な理由","地域イベント・祭り・ボランティア 負担している人","地域イベント・祭り・ボランティア 見直す基準","地域イベント・祭り・ボランティア なくならない理由","地域イベント・祭り・ボランティア 関係者","https://aplz.dev/articles/地域イベント-祭り-ボランティアは-誰のために続いているのか-a141"
"なぜ地域イベント-祭り-ボランティアは-少しだけ面倒なまま残るのか-a142","なぜ地域イベント・祭り・ボランティアは、少しだけ面倒なまま残るのか","地域に関わる","F17 歴史・文化・由来","大学生","なぜ地域イベント・祭り・ボランティアは 少しだけ面倒なまま残るのか","地域イベント・祭り・ボランティア 方法","地域イベント・祭り・ボランティア 面倒なまま残る理由","地域イベント・祭り・ボランティア 変わらない原因","地域イベント・祭り・ボランティア 改善しにくい理由","地域イベント・祭り・ボランティア 不便が残る","地域イベント・祭り・ボランティア 面倒を減らす方法","地域イベント・祭り・ボランティア 変える手順","地域イベント・祭り・ボランティア 最初の一歩","地域イベント・祭り・ボランティア 対処法","https://aplz.dev/articles/なぜ地域イベント-祭り-ボランティアは-少しだけ面倒なまま残るのか-a142"
"地域イベント-祭り-ボランティアを一人で抱えないための小さな表-a143","地域イベント・祭り・ボランティアを一人で抱えないための小さな表","地域に関わる","F18 ニュース・トレンド分析","教員・学校職員","地域イベント・祭り・ボランティアを一人で抱えないための小さな表","地域イベント・祭り・ボランティア チェックリスト","地域イベント・祭り・ボランティア 一人で抱えない方法","地域イベント・祭り・ボランティア 共有方法","地域イベント・祭り・ボランティア 分担の決め方","地域イベント・祭り・ボランティア 見える化","地域イベント・祭り・ボランティア 小さな表","地域イベント・祭り・ボランティア 担当者の負担","地域イベント・祭り・ボランティア 属人化を防ぐ","地域イベント・祭り・ボランティア 相談の仕方","https://aplz.dev/articles/地域イベント-祭り-ボランティアを一人で抱えないための小さな表-a143"
"地域イベント-祭り-ボランティアで最初に迷う場所を見取り図にする-a144","地域イベント・祭り・ボランティアで最初に迷う場所を見取り図にする","地域に関わる","F03 解説・仕組み","保護者・PTA","地域イベント・祭り・ボランティアで最初に迷う場所を見取り図にする","地域イベント・祭り・ボランティア 仕組み","地域イベント・祭り・ボランティア 迷う場所","地域イベント・祭り・ボランティア 見取り図","地域イベント・祭り・ボランティア 流れを整理","地域イベント・祭り・ボランティア 手順を可視化","地域イベント・祭り・ボランティア 最初に確認すること","地域イベント・祭り・ボランティア 判断基準","地域イベント・祭り・ボランティア 困る場面","地域イベント・祭り・ボランティア 選び方","https://aplz.dev/articles/地域イベント-祭り-ボランティアで最初に迷う場所を見取り図にする-a144"
"地域イベント-祭り-ボランティアの失敗例を先に並べてみる-a145","地域イベント・祭り・ボランティアの失敗例を先に並べてみる","地域に関わる","F01 検索回答記事","町内会・自治会関係者","地域イベント・祭り・ボランティアの失敗例を先に並べてみる","地域イベント・祭り・ボランティア 失敗","地域イベント・祭り・ボランティア 失敗例","地域イベント・祭り・ボランティア よくある失敗","地域イベント・祭り・ボランティア 注意点","地域イベント・祭り・ボランティア やってはいけないこと","地域イベント・祭り・ボランティア 失敗を防ぐ","地域イベント・祭り・ボランティア トラブル例","地域イベント・祭り・ボランティア 改善例","地域イベント・祭り・ボランティア 確認項目","https://aplz.dev/articles/地域イベント-祭り-ボランティアの失敗例を先に並べてみる-a145"
"田舎-地方-小さな町は-誰のために続いているのか-a146","田舎・地方・小さな町は、誰のために続いているのか","地域に関わる","F02 手順・ハウツー","地域イベント運営者","田舎・地方・小さな町は 誰のために続いているのか","田舎・地方・小さな町 なぜ","田舎・地方・小さな町 誰のため","田舎・地方・小さな町 続く理由","田舎・地方・小さな町 役割","田舎・地方・小さな町 必要な理由","田舎・地方・小さな町 負担している人","田舎・地方・小さな町 見直す基準","田舎・地方・小さな町 なくならない理由","田舎・地方・小さな町 関係者","https://aplz.dev/articles/田舎-地方-小さな町は-誰のために続いているのか-a146"
"なぜ田舎-地方-小さな町は-少しだけ面倒なまま残るのか-a147","なぜ田舎・地方・小さな町は、少しだけ面倒なまま残るのか","地域に関わる","F03 解説・仕組み","個人事業主","なぜ田舎・地方・小さな町は 少しだけ面倒なまま残るのか","田舎・地方・小さな町 方法","田舎・地方・小さな町 面倒なまま残る理由","田舎・地方・小さな町 変わらない原因","田舎・地方・小さな町 改善しにくい理由","田舎・地方・小さな町 不便が残る","田舎・地方・小さな町 面倒を減らす方法","田舎・地方・小さな町 変える手順","田舎・地方・小さな町 最初の一歩","田舎・地方・小さな町 対処法","https://aplz.dev/articles/なぜ田舎-地方-小さな町は-少しだけ面倒なまま残るのか-a147"
"田舎-地方-小さな町を一人で抱えないための小さな表-a148","田舎・地方・小さな町を一人で抱えないための小さな表","地域に関わる","F04 比較・選択・判断","副業を始めたい人","田舎・地方・小さな町を一人で抱えないための小さな表","田舎・地方・小さな町 チェックリスト","田舎・地方・小さな町 一人で抱えない方法","田舎・地方・小さな町 共有方法","田舎・地方・小さな町 分担の決め方","田舎・地方・小さな町 見える化","田舎・地方・小さな町 小さな表","田舎・地方・小さな町 担当者の負担","田舎・地方・小さな町 属人化を防ぐ","田舎・地方・小さな町 相談の仕方","https://aplz.dev/articles/田舎-地方-小さな町を一人で抱えないための小さな表-a148"
"田舎-地方-小さな町で最初に迷う場所を見取り図にする-a149","田舎・地方・小さな町で最初に迷う場所を見取り図にする","地域に関わる","F05 チェックリスト・テンプレート","小規模店舗の店主","田舎・地方・小さな町で最初に迷う場所を見取り図にする","田舎・地方・小さな町 仕組み","田舎・地方・小さな町 迷う場所","田舎・地方・小さな町 見取り図","田舎・地方・小さな町 流れを整理","田舎・地方・小さな町 手順を可視化","田舎・地方・小さな町 最初に確認すること","田舎・地方・小さな町 判断基準","田舎・地方・小さな町 困る場面","田舎・地方・小さな町 選び方","https://aplz.dev/articles/田舎-地方-小さな町で最初に迷う場所を見取り図にする-a149"
"田舎-地方-小さな町の失敗例を先に並べてみる-a150","田舎・地方・小さな町の失敗例を先に並べてみる","地域に関わる","F06 無料ツール・計算機","飲食店・キッチンカー運営者","田舎・地方・小さな町の失敗例を先に並べてみる","田舎・地方・小さな町 失敗","田舎・地方・小さな町 失敗例","田舎・地方・小さな町 よくある失敗","田舎・地方・小さな町 注意点","田舎・地方・小さな町 やってはいけないこと","田舎・地方・小さな町 失敗を防ぐ","田舎・地方・小さな町 トラブル例","田舎・地方・小さな町 改善例","田舎・地方・小さな町 確認項目","https://aplz.dev/articles/田舎-地方-小さな町の失敗例を先に並べてみる-a150"
"公共-福祉-支え合いは-誰のために続いているのか-a151","公共・福祉・支え合いは、誰のために続いているのか","地域に関わる","F07 図鑑・データベース","サロン・教室運営者","公共・福祉・支え合いは 誰のために続いているのか","公共・福祉・支え合い なぜ","公共・福祉・支え合い 誰のため","公共・福祉・支え合い 続く理由","公共・福祉・支え合い 役割","公共・福祉・支え合い 必要な理由","公共・福祉・支え合い 負担している人","公共・福祉・支え合い 見直す基準","公共・福祉・支え合い なくならない理由","公共・福祉・支え合い 関係者","https://aplz.dev/articles/公共-福祉-支え合いは-誰のために続いているのか-a151"
"なぜ公共-福祉-支え合いは-少しだけ面倒なまま残るのか-a152","なぜ公共・福祉・支え合いは、少しだけ面倒なまま残るのか","地域に関わる","F09 密着・一日・現場ルポ","民泊・観光関係者","なぜ公共・福祉・支え合いは 少しだけ面倒なまま残るのか","公共・福祉・支え合い 方法","公共・福祉・支え合い 面倒なまま残る理由","公共・福祉・支え合い 変わらない原因","公共・福祉・支え合い 改善しにくい理由","公共・福祉・支え合い 不便が残る","公共・福祉・支え合い 面倒を減らす方法","公共・福祉・支え合い 変える手順","公共・福祉・支え合い 最初の一歩","公共・福祉・支え合い 対処法","https://aplz.dev/articles/なぜ公共-福祉-支え合いは-少しだけ面倒なまま残るのか-a152"
"公共-福祉-支え合いを一人で抱えないための小さな表-a153","公共・福祉・支え合いを一人で抱えないための小さな表","地域に関わる","F10 制作ドキュメンタリー","フリーランス・クリエイター","公共・福祉・支え合いを一人で抱えないための小さな表","公共・福祉・支え合い チェックリスト","公共・福祉・支え合い 一人で抱えない方法","公共・福祉・支え合い 共有方法","公共・福祉・支え合い 分担の決め方","公共・福祉・支え合い 見える化","公共・福祉・支え合い 小さな表","公共・福祉・支え合い 担当者の負担","公共・福祉・支え合い 属人化を防ぐ","公共・福祉・支え合い 相談の仕方","https://aplz.dev/articles/公共-福祉-支え合いを一人で抱えないための小さな表-a153"
"公共-福祉-支え合いで最初に迷う場所を見取り図にする-a154","公共・福祉・支え合いで最初に迷う場所を見取り図にする","地域に関わる","F11 エッセー・論考・問題提起","エンジニア・開発者","公共・福祉・支え合いで最初に迷う場所を見取り図にする","公共・福祉・支え合い 仕組み","公共・福祉・支え合い 迷う場所","公共・福祉・支え合い 見取り図","公共・福祉・支え合い 流れを整理","公共・福祉・支え合い 手順を可視化","公共・福祉・支え合い 最初に確認すること","公共・福祉・支え合い 判断基準","公共・福祉・支え合い 困る場面","公共・福祉・支え合い 選び方","https://aplz.dev/articles/公共-福祉-支え合いで最初に迷う場所を見取り図にする-a154"
"公共-福祉-支え合いの失敗例を先に並べてみる-a155","公共・福祉・支え合いの失敗例を先に並べてみる","地域に関わる","F12 データ記事・白書","技術に詳しくない事務担当者","公共・福祉・支え合いの失敗例を先に並べてみる","公共・福祉・支え合い 失敗","公共・福祉・支え合い 失敗例","公共・福祉・支え合い よくある失敗","公共・福祉・支え合い 注意点","公共・福祉・支え合い やってはいけないこと","公共・福祉・支え合い 失敗を防ぐ","公共・福祉・支え合い トラブル例","公共・福祉・支え合い 改善例","公共・福祉・支え合い 確認項目","https://aplz.dev/articles/公共-福祉-支え合いの失敗例を先に並べてみる-a155"
"環境-修理-再利用は-誰のために続いているのか-a156","環境・修理・再利用は、誰のために続いているのか","地域に関わる","F13 実験・検証・対決","チームやプロジェクトの責任者","環境・修理・再利用は 誰のために続いているのか","環境・修理・再利用 なぜ","環境・修理・再利用 誰のため","環境・修理・再利用 続く理由","環境・修理・再利用 役割","環境・修理・再利用 必要な理由","環境・修理・再利用 負担している人","環境・修理・再利用 見直す基準","環境・修理・再利用 なくならない理由","環境・修理・再利用 関係者","https://aplz.dev/articles/環境-修理-再利用は-誰のために続いているのか-a156"
"なぜ環境-修理-再利用は-少しだけ面倒なまま残るのか-a157","なぜ環境・修理・再利用は、少しだけ面倒なまま残るのか","地域に関わる","F14 ビジュアル解説","NPO・ボランティア関係者","なぜ環境・修理・再利用は 少しだけ面倒なまま残るのか","環境・修理・再利用 方法","環境・修理・再利用 面倒なまま残る理由","環境・修理・再利用 変わらない原因","環境・修理・再利用 改善しにくい理由","環境・修理・再利用 不便が残る","環境・修理・再利用 面倒を減らす方法","環境・修理・再利用 変える手順","環境・修理・再利用 最初の一歩","環境・修理・再利用 対処法","https://aplz.dev/articles/なぜ環境-修理-再利用は-少しだけ面倒なまま残るのか-a157"
"環境-修理-再利用を一人で抱えないための小さな表-a158","環境・修理・再利用を一人で抱えないための小さな表","地域に関わる","F15 診断・クイズ","地方・田舎で暮らす人","環境・修理・再利用を一人で抱えないための小さな表","環境・修理・再利用 チェックリスト","環境・修理・再利用 一人で抱えない方法","環境・修理・再利用 共有方法","環境・修理・再利用 分担の決め方","環境・修理・再利用 見える化","環境・修理・再利用 小さな表","環境・修理・再利用 担当者の負担","環境・修理・再利用 属人化を防ぐ","環境・修理・再利用 相談の仕方","https://aplz.dev/articles/環境-修理-再利用を一人で抱えないための小さな表-a158"
"環境-修理-再利用で最初に迷う場所を見取り図にする-a159","環境・修理・再利用で最初に迷う場所を見取り図にする","地域に関わる","F16 投稿・Q&A・相談","家族や共同生活を運営する人","環境・修理・再利用で最初に迷う場所を見取り図にする","環境・修理・再利用 仕組み","環境・修理・再利用 迷う場所","環境・修理・再利用 見取り図","環境・修理・再利用 流れを整理","環境・修理・再利用 手順を可視化","環境・修理・再利用 最初に確認すること","環境・修理・再利用 判断基準","環境・修理・再利用 困る場面","環境・修理・再利用 選び方","https://aplz.dev/articles/環境-修理-再利用で最初に迷う場所を見取り図にする-a159"
"環境-修理-再利用の失敗例を先に並べてみる-a160","環境・修理・再利用の失敗例を先に並べてみる","地域に関わる","F17 歴史・文化・由来","特定の目的なく面白い記事を読みたい一般読者","環境・修理・再利用の失敗例を先に並べてみる","環境・修理・再利用 失敗","環境・修理・再利用 失敗例","環境・修理・再利用 よくある失敗","環境・修理・再利用 注意点","環境・修理・再利用 やってはいけないこと","環境・修理・再利用 失敗を防ぐ","環境・修理・再利用 トラブル例","環境・修理・再利用 改善例","環境・修理・再利用 確認項目","https://aplz.dev/articles/環境-修理-再利用の失敗例を先に並べてみる-a160"
"身近なテクノロジーは-誰のために続いているのか-a161","身近なテクノロジーは、誰のために続いているのか","作る","F18 ニュース・トレンド分析","中学生・高校生・高専生","身近なテクノロジーは 誰のために続いているのか","身近なテクノロジー なぜ","身近なテクノロジー 誰のため","身近なテクノロジー 続く理由","身近なテクノロジー 役割","身近なテクノロジー 必要な理由","身近なテクノロジー 負担している人","身近なテクノロジー 見直す基準","身近なテクノロジー なくならない理由","身近なテクノロジー 関係者","https://aplz.dev/articles/身近なテクノロジーは-誰のために続いているのか-a161"
"なぜ身近なテクノロジーは-少しだけ面倒なまま残るのか-a162","なぜ身近なテクノロジーは、少しだけ面倒なまま残るのか","作る","F03 解説・仕組み","大学生","なぜ身近なテクノロジーは 少しだけ面倒なまま残るのか","身近なテクノロジー 方法","身近なテクノロジー 面倒なまま残る理由","身近なテクノロジー 変わらない原因","身近なテクノロジー 改善しにくい理由","身近なテクノロジー 不便が残る","身近なテクノロジー 面倒を減らす方法","身近なテクノロジー 変える手順","身近なテクノロジー 最初の一歩","身近なテクノロジー 対処法","https://aplz.dev/articles/なぜ身近なテクノロジーは-少しだけ面倒なまま残るのか-a162"
"身近なテクノロジーを一人で抱えないための小さな表-a163","身近なテクノロジーを一人で抱えないための小さな表","作る","F01 検索回答記事","教員・学校職員","身近なテクノロジーを一人で抱えないための小さな表","身近なテクノロジー チェックリスト","身近なテクノロジー 一人で抱えない方法","身近なテクノロジー 共有方法","身近なテクノロジー 分担の決め方","身近なテクノロジー 見える化","身近なテクノロジー 小さな表","身近なテクノロジー 担当者の負担","身近なテクノロジー 属人化を防ぐ","身近なテクノロジー 相談の仕方","https://aplz.dev/articles/身近なテクノロジーを一人で抱えないための小さな表-a163"
"身近なテクノロジーで最初に迷う場所を見取り図にする-a164","身近なテクノロジーで最初に迷う場所を見取り図にする","作る","F02 手順・ハウツー","保護者・PTA","身近なテクノロジーで最初に迷う場所を見取り図にする","身近なテクノロジー 仕組み","身近なテクノロジー 迷う場所","身近なテクノロジー 見取り図","身近なテクノロジー 流れを整理","身近なテクノロジー 手順を可視化","身近なテクノロジー 最初に確認すること","身近なテクノロジー 判断基準","身近なテクノロジー 困る場面","身近なテクノロジー 選び方","https://aplz.dev/articles/身近なテクノロジーで最初に迷う場所を見取り図にする-a164"
"身近なテクノロジーの失敗例を先に並べてみる-a165","身近なテクノロジーの失敗例を先に並べてみる","作る","F03 解説・仕組み","町内会・自治会関係者","身近なテクノロジーの失敗例を先に並べてみる","身近なテクノロジー 失敗","身近なテクノロジー 失敗例","身近なテクノロジー よくある失敗","身近なテクノロジー 注意点","身近なテクノロジー やってはいけないこと","身近なテクノロジー 失敗を防ぐ","身近なテクノロジー トラブル例","身近なテクノロジー 改善例","身近なテクノロジー 確認項目","https://aplz.dev/articles/身近なテクノロジーの失敗例を先に並べてみる-a165"
"aiと人間は-誰のために続いているのか-a166","AIと人間は、誰のために続いているのか","作る","F04 比較・選択・判断","地域イベント運営者","AIと人間は 誰のために続いているのか","AIと人間 なぜ","AIと人間 誰のため","AIと人間 続く理由","AIと人間 役割","AIと人間 必要な理由","AIと人間 負担している人","AIと人間 見直す基準","AIと人間 なくならない理由","AIと人間 関係者","https://aplz.dev/articles/aiと人間は-誰のために続いているのか-a166"
"なぜaiと人間は-少しだけ面倒なまま残るのか-a167","なぜAIと人間は、少しだけ面倒なまま残るのか","作る","F05 チェックリスト・テンプレート","個人事業主","なぜAIと人間は 少しだけ面倒なまま残るのか","AIと人間 方法","AIと人間 面倒なまま残る理由","AIと人間 変わらない原因","AIと人間 改善しにくい理由","AIと人間 不便が残る","AIと人間 面倒を減らす方法","AIと人間 変える手順","AIと人間 最初の一歩","AIと人間 対処法","https://aplz.dev/articles/なぜaiと人間は-少しだけ面倒なまま残るのか-a167"
"aiと人間を一人で抱えないための小さな表-a168","AIと人間を一人で抱えないための小さな表","作る","F06 無料ツール・計算機","副業を始めたい人","AIと人間を一人で抱えないための小さな表","AIと人間 チェックリスト","AIと人間 一人で抱えない方法","AIと人間 共有方法","AIと人間 分担の決め方","AIと人間 見える化","AIと人間 小さな表","AIと人間 担当者の負担","AIと人間 属人化を防ぐ","AIと人間 相談の仕方","https://aplz.dev/articles/aiと人間を一人で抱えないための小さな表-a168"
"aiと人間で最初に迷う場所を見取り図にする-a169","AIと人間で最初に迷う場所を見取り図にする","作る","F07 図鑑・データベース","小規模店舗の店主","AIと人間で最初に迷う場所を見取り図にする","AIと人間 仕組み","AIと人間 迷う場所","AIと人間 見取り図","AIと人間 流れを整理","AIと人間 手順を可視化","AIと人間 最初に確認すること","AIと人間 判断基準","AIと人間 困る場面","AIと人間 選び方","https://aplz.dev/articles/aiと人間で最初に迷う場所を見取り図にする-a169"
"aiと人間の失敗例を先に並べてみる-a170","AIと人間の失敗例を先に並べてみる","作る","F09 密着・一日・現場ルポ","飲食店・キッチンカー運営者","AIと人間の失敗例を先に並べてみる","AIと人間 失敗","AIと人間 失敗例","AIと人間 よくある失敗","AIと人間 注意点","AIと人間 やってはいけないこと","AIと人間 失敗を防ぐ","AIと人間 トラブル例","AIと人間 改善例","AIと人間 確認項目","https://aplz.dev/articles/aiと人間の失敗例を先に並べてみる-a170"
"excel-紙-lineなどの道具文化は-誰のために続いているのか-a171","Excel・紙・LINEなどの道具文化は、誰のために続いているのか","作る","F10 制作ドキュメンタリー","サロン・教室運営者","Excel・紙・LINEなどの道具文化は 誰のために続いているのか","Excel・紙・LINEなどの道具文化 なぜ","Excel・紙・LINEなどの道具文化 誰のため","Excel・紙・LINEなどの道具文化 続く理由","Excel・紙・LINEなどの道具文化 役割","Excel・紙・LINEなどの道具文化 必要な理由","Excel・紙・LINEなどの道具文化 負担している人","Excel・紙・LINEなどの道具文化 見直す基準","Excel・紙・LINEなどの道具文化 なくならない理由","Excel・紙・LINEなどの道具文化 関係者","https://aplz.dev/articles/excel-紙-lineなどの道具文化は-誰のために続いているのか-a171"
"なぜexcel-紙-lineなどの道具文化は-少しだけ面倒なまま残るのか-a172","なぜExcel・紙・LINEなどの道具文化は、少しだけ面倒なまま残るのか","作る","F11 エッセー・論考・問題提起","民泊・観光関係者","なぜExcel・紙・LINEなどの道具文化は 少しだけ面倒なまま残るのか","Excel・紙・LINEなどの道具文化 方法","Excel・紙・LINEなどの道具文化 面倒なまま残る理由","Excel・紙・LINEなどの道具文化 変わらない原因","Excel・紙・LINEなどの道具文化 改善しにくい理由","Excel・紙・LINEなどの道具文化 不便が残る","Excel・紙・LINEなどの道具文化 面倒を減らす方法","Excel・紙・LINEなどの道具文化 変える手順","Excel・紙・LINEなどの道具文化 最初の一歩","Excel・紙・LINEなどの道具文化 対処法","https://aplz.dev/articles/なぜexcel-紙-lineなどの道具文化は-少しだけ面倒なまま残るのか-a172"
"excel-紙-lineなどの道具文化を一人で抱えないための小さな表-a173","Excel・紙・LINEなどの道具文化を一人で抱えないための小さな表","作る","F12 データ記事・白書","フリーランス・クリエイター","Excel・紙・LINEなどの道具文化を一人で抱えないための小さな表","Excel・紙・LINEなどの道具文化 チェックリスト","Excel・紙・LINEなどの道具文化 一人で抱えない方法","Excel・紙・LINEなどの道具文化 共有方法","Excel・紙・LINEなどの道具文化 分担の決め方","Excel・紙・LINEなどの道具文化 見える化","Excel・紙・LINEなどの道具文化 小さな表","Excel・紙・LINEなどの道具文化 担当者の負担","Excel・紙・LINEなどの道具文化 属人化を防ぐ","Excel・紙・LINEなどの道具文化 相談の仕方","https://aplz.dev/articles/excel-紙-lineなどの道具文化を一人で抱えないための小さな表-a173"
"excel-紙-lineなどの道具文化で最初に迷う場所を見取り図にする-a174","Excel・紙・LINEなどの道具文化で最初に迷う場所を見取り図にする","作る","F13 実験・検証・対決","エンジニア・開発者","Excel・紙・LINEなどの道具文化で最初に迷う場所を見取り図にする","Excel・紙・LINEなどの道具文化 仕組み","Excel・紙・LINEなどの道具文化 迷う場所","Excel・紙・LINEなどの道具文化 見取り図","Excel・紙・LINEなどの道具文化 流れを整理","Excel・紙・LINEなどの道具文化 手順を可視化","Excel・紙・LINEなどの道具文化 最初に確認すること","Excel・紙・LINEなどの道具文化 判断基準","Excel・紙・LINEなどの道具文化 困る場面","Excel・紙・LINEなどの道具文化 選び方","https://aplz.dev/articles/excel-紙-lineなどの道具文化で最初に迷う場所を見取り図にする-a174"
"excel-紙-lineなどの道具文化の失敗例を先に並べてみる-a175","Excel・紙・LINEなどの道具文化の失敗例を先に並べてみる","作る","F14 ビジュアル解説","技術に詳しくない事務担当者","Excel・紙・LINEなどの道具文化の失敗例を先に並べてみる","Excel・紙・LINEなどの道具文化 失敗","Excel・紙・LINEなどの道具文化 失敗例","Excel・紙・LINEなどの道具文化 よくある失敗","Excel・紙・LINEなどの道具文化 注意点","Excel・紙・LINEなどの道具文化 やってはいけないこと","Excel・紙・LINEなどの道具文化 失敗を防ぐ","Excel・紙・LINEなどの道具文化 トラブル例","Excel・紙・LINEなどの道具文化 改善例","Excel・紙・LINEなどの道具文化 確認項目","https://aplz.dev/articles/excel-紙-lineなどの道具文化の失敗例を先に並べてみる-a175"
"アプリ-web-ノーコードは-誰のために続いているのか-a176","アプリ・Web・ノーコードは、誰のために続いているのか","作る","F15 診断・クイズ","チームやプロジェクトの責任者","アプリ・Web・ノーコードは 誰のために続いているのか","アプリ・Web・ノーコード なぜ","アプリ・Web・ノーコード 誰のため","アプリ・Web・ノーコード 続く理由","アプリ・Web・ノーコード 役割","アプリ・Web・ノーコード 必要な理由","アプリ・Web・ノーコード 負担している人","アプリ・Web・ノーコード 見直す基準","アプリ・Web・ノーコード なくならない理由","アプリ・Web・ノーコード 関係者","https://aplz.dev/articles/アプリ-web-ノーコードは-誰のために続いているのか-a176"
"なぜアプリ-web-ノーコードは-少しだけ面倒なまま残るのか-a177","なぜアプリ・Web・ノーコードは、少しだけ面倒なまま残るのか","作る","F16 投稿・Q&A・相談","NPO・ボランティア関係者","なぜアプリ・Web・ノーコードは 少しだけ面倒なまま残るのか","アプリ・Web・ノーコード 方法","アプリ・Web・ノーコード 面倒なまま残る理由","アプリ・Web・ノーコード 変わらない原因","アプリ・Web・ノーコード 改善しにくい理由","アプリ・Web・ノーコード 不便が残る","アプリ・Web・ノーコード 面倒を減らす方法","アプリ・Web・ノーコード 変える手順","アプリ・Web・ノーコード 最初の一歩","アプリ・Web・ノーコード 対処法","https://aplz.dev/articles/なぜアプリ-web-ノーコードは-少しだけ面倒なまま残るのか-a177"
"アプリ-web-ノーコードを一人で抱えないための小さな表-a178","アプリ・Web・ノーコードを一人で抱えないための小さな表","作る","F17 歴史・文化・由来","地方・田舎で暮らす人","アプリ・Web・ノーコードを一人で抱えないための小さな表","アプリ・Web・ノーコード チェックリスト","アプリ・Web・ノーコード 一人で抱えない方法","アプリ・Web・ノーコード 共有方法","アプリ・Web・ノーコード 分担の決め方","アプリ・Web・ノーコード 見える化","アプリ・Web・ノーコード 小さな表","アプリ・Web・ノーコード 担当者の負担","アプリ・Web・ノーコード 属人化を防ぐ","アプリ・Web・ノーコード 相談の仕方","https://aplz.dev/articles/アプリ-web-ノーコードを一人で抱えないための小さな表-a178"
"アプリ-web-ノーコードで最初に迷う場所を見取り図にする-a179","アプリ・Web・ノーコードで最初に迷う場所を見取り図にする","作る","F18 ニュース・トレンド分析","家族や共同生活を運営する人","アプリ・Web・ノーコードで最初に迷う場所を見取り図にする","アプリ・Web・ノーコード 仕組み","アプリ・Web・ノーコード 迷う場所","アプリ・Web・ノーコード 見取り図","アプリ・Web・ノーコード 流れを整理","アプリ・Web・ノーコード 手順を可視化","アプリ・Web・ノーコード 最初に確認すること","アプリ・Web・ノーコード 判断基準","アプリ・Web・ノーコード 困る場面","アプリ・Web・ノーコード 選び方","https://aplz.dev/articles/アプリ-web-ノーコードで最初に迷う場所を見取り図にする-a179"
"アプリ-web-ノーコードの失敗例を先に並べてみる-a180","アプリ・Web・ノーコードの失敗例を先に並べてみる","作る","F03 解説・仕組み","特定の目的なく面白い記事を読みたい一般読者","アプリ・Web・ノーコードの失敗例を先に並べてみる","アプリ・Web・ノーコード 失敗","アプリ・Web・ノーコード 失敗例","アプリ・Web・ノーコード よくある失敗","アプリ・Web・ノーコード 注意点","アプリ・Web・ノーコード やってはいけないこと","アプリ・Web・ノーコード 失敗を防ぐ","アプリ・Web・ノーコード トラブル例","アプリ・Web・ノーコード 改善例","アプリ・Web・ノーコード 確認項目","https://aplz.dev/articles/アプリ-web-ノーコードの失敗例を先に並べてみる-a180"
"デザイン-ui-情報設計は-誰のために続いているのか-a181","デザイン・UI・情報設計は、誰のために続いているのか","作る","F01 検索回答記事","中学生・高校生・高専生","デザイン・UI・情報設計は 誰のために続いているのか","デザイン・UI・情報設計 なぜ","デザイン・UI・情報設計 誰のため","デザイン・UI・情報設計 続く理由","デザイン・UI・情報設計 役割","デザイン・UI・情報設計 必要な理由","デザイン・UI・情報設計 負担している人","デザイン・UI・情報設計 見直す基準","デザイン・UI・情報設計 なくならない理由","デザイン・UI・情報設計 関係者","https://aplz.dev/articles/デザイン-ui-情報設計は-誰のために続いているのか-a181"
"なぜデザイン-ui-情報設計は-少しだけ面倒なまま残るのか-a182","なぜデザイン・UI・情報設計は、少しだけ面倒なまま残るのか","作る","F02 手順・ハウツー","大学生","なぜデザイン・UI・情報設計は 少しだけ面倒なまま残るのか","デザイン・UI・情報設計 方法","デザイン・UI・情報設計 面倒なまま残る理由","デザイン・UI・情報設計 変わらない原因","デザイン・UI・情報設計 改善しにくい理由","デザイン・UI・情報設計 不便が残る","デザイン・UI・情報設計 面倒を減らす方法","デザイン・UI・情報設計 変える手順","デザイン・UI・情報設計 最初の一歩","デザイン・UI・情報設計 対処法","https://aplz.dev/articles/なぜデザイン-ui-情報設計は-少しだけ面倒なまま残るのか-a182"
"デザイン-ui-情報設計を一人で抱えないための小さな表-a183","デザイン・UI・情報設計を一人で抱えないための小さな表","作る","F03 解説・仕組み","教員・学校職員","デザイン・UI・情報設計を一人で抱えないための小さな表","デザイン・UI・情報設計 チェックリスト","デザイン・UI・情報設計 一人で抱えない方法","デザイン・UI・情報設計 共有方法","デザイン・UI・情報設計 分担の決め方","デザイン・UI・情報設計 見える化","デザイン・UI・情報設計 小さな表","デザイン・UI・情報設計 担当者の負担","デザイン・UI・情報設計 属人化を防ぐ","デザイン・UI・情報設計 相談の仕方","https://aplz.dev/articles/デザイン-ui-情報設計を一人で抱えないための小さな表-a183"
"デザイン-ui-情報設計で最初に迷う場所を見取り図にする-a184","デザイン・UI・情報設計で最初に迷う場所を見取り図にする","作る","F04 比較・選択・判断","保護者・PTA","デザイン・UI・情報設計で最初に迷う場所を見取り図にする","デザイン・UI・情報設計 仕組み","デザイン・UI・情報設計 迷う場所","デザイン・UI・情報設計 見取り図","デザイン・UI・情報設計 流れを整理","デザイン・UI・情報設計 手順を可視化","デザイン・UI・情報設計 最初に確認すること","デザイン・UI・情報設計 判断基準","デザイン・UI・情報設計 困る場面","デザイン・UI・情報設計 選び方","https://aplz.dev/articles/デザイン-ui-情報設計で最初に迷う場所を見取り図にする-a184"
"デザイン-ui-情報設計の失敗例を先に並べてみる-a185","デザイン・UI・情報設計の失敗例を先に並べてみる","作る","F05 チェックリスト・テンプレート","町内会・自治会関係者","デザイン・UI・情報設計の失敗例を先に並べてみる","デザイン・UI・情報設計 失敗","デザイン・UI・情報設計 失敗例","デザイン・UI・情報設計 よくある失敗","デザイン・UI・情報設計 注意点","デザイン・UI・情報設計 やってはいけないこと","デザイン・UI・情報設計 失敗を防ぐ","デザイン・UI・情報設計 トラブル例","デザイン・UI・情報設計 改善例","デザイン・UI・情報設計 確認項目","https://aplz.dev/articles/デザイン-ui-情報設計の失敗例を先に並べてみる-a185"
"創作-ものづくり-表現は-誰のために続いているのか-a186","創作・ものづくり・表現は、誰のために続いているのか","作る","F06 無料ツール・計算機","地域イベント運営者","創作・ものづくり・表現は 誰のために続いているのか","創作・ものづくり・表現 なぜ","創作・ものづくり・表現 誰のため","創作・ものづくり・表現 続く理由","創作・ものづくり・表現 役割","創作・ものづくり・表現 必要な理由","創作・ものづくり・表現 負担している人","創作・ものづくり・表現 見直す基準","創作・ものづくり・表現 なくならない理由","創作・ものづくり・表現 関係者","https://aplz.dev/articles/創作-ものづくり-表現は-誰のために続いているのか-a186"
"なぜ創作-ものづくり-表現は-少しだけ面倒なまま残るのか-a187","なぜ創作・ものづくり・表現は、少しだけ面倒なまま残るのか","作る","F07 図鑑・データベース","個人事業主","なぜ創作・ものづくり・表現は 少しだけ面倒なまま残るのか","創作・ものづくり・表現 方法","創作・ものづくり・表現 面倒なまま残る理由","創作・ものづくり・表現 変わらない原因","創作・ものづくり・表現 改善しにくい理由","創作・ものづくり・表現 不便が残る","創作・ものづくり・表現 面倒を減らす方法","創作・ものづくり・表現 変える手順","創作・ものづくり・表現 最初の一歩","創作・ものづくり・表現 対処法","https://aplz.dev/articles/なぜ創作-ものづくり-表現は-少しだけ面倒なまま残るのか-a187"
"創作-ものづくり-表現を一人で抱えないための小さな表-a188","創作・ものづくり・表現を一人で抱えないための小さな表","作る","F09 密着・一日・現場ルポ","副業を始めたい人","創作・ものづくり・表現を一人で抱えないための小さな表","創作・ものづくり・表現 チェックリスト","創作・ものづくり・表現 一人で抱えない方法","創作・ものづくり・表現 共有方法","創作・ものづくり・表現 分担の決め方","創作・ものづくり・表現 見える化","創作・ものづくり・表現 小さな表","創作・ものづくり・表現 担当者の負担","創作・ものづくり・表現 属人化を防ぐ","創作・ものづくり・表現 相談の仕方","https://aplz.dev/articles/創作-ものづくり-表現を一人で抱えないための小さな表-a188"
"創作-ものづくり-表現で最初に迷う場所を見取り図にする-a189","創作・ものづくり・表現で最初に迷う場所を見取り図にする","作る","F10 制作ドキュメンタリー","小規模店舗の店主","創作・ものづくり・表現で最初に迷う場所を見取り図にする","創作・ものづくり・表現 仕組み","創作・ものづくり・表現 迷う場所","創作・ものづくり・表現 見取り図","創作・ものづくり・表現 流れを整理","創作・ものづくり・表現 手順を可視化","創作・ものづくり・表現 最初に確認すること","創作・ものづくり・表現 判断基準","創作・ものづくり・表現 困る場面","創作・ものづくり・表現 選び方","https://aplz.dev/articles/創作-ものづくり-表現で最初に迷う場所を見取り図にする-a189"
"創作-ものづくり-表現の失敗例を先に並べてみる-a190","創作・ものづくり・表現の失敗例を先に並べてみる","作る","F11 エッセー・論考・問題提起","飲食店・キッチンカー運営者","創作・ものづくり・表現の失敗例を先に並べてみる","創作・ものづくり・表現 失敗","創作・ものづくり・表現 失敗例","創作・ものづくり・表現 よくある失敗","創作・ものづくり・表現 注意点","創作・ものづくり・表現 やってはいけないこと","創作・ものづくり・表現 失敗を防ぐ","創作・ものづくり・表現 トラブル例","創作・ものづくり・表現 改善例","創作・ものづくり・表現 確認項目","https://aplz.dev/articles/創作-ものづくり-表現の失敗例を先に並べてみる-a190"
"人物-職業-生き方は-誰のために続いているのか-a191","人物・職業・生き方は、誰のために続いているのか","人を知る","F12 データ記事・白書","サロン・教室運営者","人物・職業・生き方は 誰のために続いているのか","人物・職業・生き方 なぜ","人物・職業・生き方 誰のため","人物・職業・生き方 続く理由","人物・職業・生き方 役割","人物・職業・生き方 必要な理由","人物・職業・生き方 負担している人","人物・職業・生き方 見直す基準","人物・職業・生き方 なくならない理由","人物・職業・生き方 関係者","https://aplz.dev/articles/人物-職業-生き方は-誰のために続いているのか-a191"
"なぜ人物-職業-生き方は-少しだけ面倒なまま残るのか-a192","なぜ人物・職業・生き方は、少しだけ面倒なまま残るのか","人を知る","F13 実験・検証・対決","民泊・観光関係者","なぜ人物・職業・生き方は 少しだけ面倒なまま残るのか","人物・職業・生き方 方法","人物・職業・生き方 面倒なまま残る理由","人物・職業・生き方 変わらない原因","人物・職業・生き方 改善しにくい理由","人物・職業・生き方 不便が残る","人物・職業・生き方 面倒を減らす方法","人物・職業・生き方 変える手順","人物・職業・生き方 最初の一歩","人物・職業・生き方 対処法","https://aplz.dev/articles/なぜ人物-職業-生き方は-少しだけ面倒なまま残るのか-a192"
"人物-職業-生き方を一人で抱えないための小さな表-a193","人物・職業・生き方を一人で抱えないための小さな表","人を知る","F14 ビジュアル解説","フリーランス・クリエイター","人物・職業・生き方を一人で抱えないための小さな表","人物・職業・生き方 チェックリスト","人物・職業・生き方 一人で抱えない方法","人物・職業・生き方 共有方法","人物・職業・生き方 分担の決め方","人物・職業・生き方 見える化","人物・職業・生き方 小さな表","人物・職業・生き方 担当者の負担","人物・職業・生き方 属人化を防ぐ","人物・職業・生き方 相談の仕方","https://aplz.dev/articles/人物-職業-生き方を一人で抱えないための小さな表-a193"
"人物-職業-生き方で最初に迷う場所を見取り図にする-a194","人物・職業・生き方で最初に迷う場所を見取り図にする","人を知る","F15 診断・クイズ","エンジニア・開発者","人物・職業・生き方で最初に迷う場所を見取り図にする","人物・職業・生き方 仕組み","人物・職業・生き方 迷う場所","人物・職業・生き方 見取り図","人物・職業・生き方 流れを整理","人物・職業・生き方 手順を可視化","人物・職業・生き方 最初に確認すること","人物・職業・生き方 判断基準","人物・職業・生き方 困る場面","人物・職業・生き方 選び方","https://aplz.dev/articles/人物-職業-生き方で最初に迷う場所を見取り図にする-a194"
"人物-職業-生き方の失敗例を先に並べてみる-a195","人物・職業・生き方の失敗例を先に並べてみる","人を知る","F16 投稿・Q&A・相談","技術に詳しくない事務担当者","人物・職業・生き方の失敗例を先に並べてみる","人物・職業・生き方 失敗","人物・職業・生き方 失敗例","人物・職業・生き方 よくある失敗","人物・職業・生き方 注意点","人物・職業・生き方 やってはいけないこと","人物・職業・生き方 失敗を防ぐ","人物・職業・生き方 トラブル例","人物・職業・生き方 改善例","人物・職業・生き方 確認項目","https://aplz.dev/articles/人物-職業-生き方の失敗例を先に並べてみる-a195"
"aplz-小さな開発-制作記録は-誰のために続いているのか-a196","APLZ・小さな開発・制作記録は、誰のために続いているのか","作る","F17 歴史・文化・由来","チームやプロジェクトの責任者","APLZ・小さな開発・制作記録は 誰のために続いているのか","APLZ・小さな開発・制作記録 なぜ","APLZ・小さな開発・制作記録 誰のため","APLZ・小さな開発・制作記録 続く理由","APLZ・小さな開発・制作記録 役割","APLZ・小さな開発・制作記録 必要な理由","APLZ・小さな開発・制作記録 負担している人","APLZ・小さな開発・制作記録 見直す基準","APLZ・小さな開発・制作記録 なくならない理由","APLZ・小さな開発・制作記録 関係者","https://aplz.dev/articles/aplz-小さな開発-制作記録は-誰のために続いているのか-a196"
"なぜaplz-小さな開発-制作記録は-少しだけ面倒なまま残るのか-a197","なぜAPLZ・小さな開発・制作記録は、少しだけ面倒なまま残るのか","作る","F18 ニュース・トレンド分析","NPO・ボランティア関係者","なぜAPLZ・小さな開発・制作記録は 少しだけ面倒なまま残るのか","APLZ・小さな開発・制作記録 方法","APLZ・小さな開発・制作記録 面倒なまま残る理由","APLZ・小さな開発・制作記録 変わらない原因","APLZ・小さな開発・制作記録 改善しにくい理由","APLZ・小さな開発・制作記録 不便が残る","APLZ・小さな開発・制作記録 面倒を減らす方法","APLZ・小さな開発・制作記録 変える手順","APLZ・小さな開発・制作記録 最初の一歩","APLZ・小さな開発・制作記録 対処法","https://aplz.dev/articles/なぜaplz-小さな開発-制作記録は-少しだけ面倒なまま残るのか-a197"
"aplz-小さな開発-制作記録を一人で抱えないための小さな表-a198","APLZ・小さな開発・制作記録を一人で抱えないための小さな表","作る","F03 解説・仕組み","地方・田舎で暮らす人","APLZ・小さな開発・制作記録を一人で抱えないための小さな表","APLZ・小さな開発・制作記録 チェックリスト","APLZ・小さな開発・制作記録 一人で抱えない方法","APLZ・小さな開発・制作記録 共有方法","APLZ・小さな開発・制作記録 分担の決め方","APLZ・小さな開発・制作記録 見える化","APLZ・小さな開発・制作記録 小さな表","APLZ・小さな開発・制作記録 担当者の負担","APLZ・小さな開発・制作記録 属人化を防ぐ","APLZ・小さな開発・制作記録 相談の仕方","https://aplz.dev/articles/aplz-小さな開発-制作記録を一人で抱えないための小さな表-a198"
"aplz-小さな開発-制作記録で最初に迷う場所を見取り図にする-a199","APLZ・小さな開発・制作記録で最初に迷う場所を見取り図にする","作る","F01 検索回答記事","家族や共同生活を運営する人","APLZ・小さな開発・制作記録で最初に迷う場所を見取り図にする","APLZ・小さな開発・制作記録 仕組み","APLZ・小さな開発・制作記録 迷う場所","APLZ・小さな開発・制作記録 見取り図","APLZ・小さな開発・制作記録 流れを整理","APLZ・小さな開発・制作記録 手順を可視化","APLZ・小さな開発・制作記録 最初に確認すること","APLZ・小さな開発・制作記録 判断基準","APLZ・小さな開発・制作記録 困る場面","APLZ・小さな開発・制作記録 選び方","https://aplz.dev/articles/aplz-小さな開発-制作記録で最初に迷う場所を見取り図にする-a199"
"aplz-小さな開発-制作記録の失敗例を先に並べてみる-a200","APLZ・小さな開発・制作記録の失敗例を先に並べてみる","作る","F02 手順・ハウツー","特定の目的なく面白い記事を読みたい一般読者","APLZ・小さな開発・制作記録の失敗例を先に並べてみる","APLZ・小さな開発・制作記録 失敗","APLZ・小さな開発・制作記録 失敗例","APLZ・小さな開発・制作記録 よくある失敗","APLZ・小さな開発・制作記録 注意点","APLZ・小さな開発・制作記録 やってはいけないこと","APLZ・小さな開発・制作記録 失敗を防ぐ","APLZ・小さな開発・制作記録 トラブル例","APLZ・小さな開発・制作記録 改善例","APLZ・小さな開発・制作記録 確認項目","https://aplz.dev/articles/aplz-小さな開発-制作記録の失敗例を先に並べてみる-a200"
