"article_id","title","slug","status","editorial_world","secondary_world","content_format","audience","primary_keyword","search_intent","social_hook","article_promise","unique_angle","original_artifact","source_count","primary_source_count","aplz_mentioned","aplz_primary_topic","aplz_cta","internal_links","word_count","quality_score","freshness","publication_priority"
"A001","日常の小さな不便は、誰のために続いているのか","日常の小さな不便は-誰のために続いているのか-a001","published","P01","効率化は常に正しいのか","F01 検索回答記事","中学生・高校生・高専生","日常の小さな不便 なぜ","日常の小さな不便について、自分の生活や仕事に引き寄せて理解したい","「日常の小さな不便って、そういう見方があったのか」と人に送りたくなる","日常の小さな不便を、今日見直せる具体物に変える","道具ではなく、人の迷いと例外から見る","観察メモ","4","1","true","false","true","related hub; related article","900","86","2026-06","P1"
"A002","なぜ日常の小さな不便は、少しだけ面倒なまま残るのか","なぜ日常の小さな不便は-少しだけ面倒なまま残るのか-a002","published","P01","不便には価値があるのか","F02 手順・ハウツー","大学生","日常の小さな不便 方法","日常の小さな不便について、自分の生活や仕事に引き寄せて理解したい","「日常の小さな不便って、そういう見方があったのか」と人に送りたくなる","日常の小さな不便を、今日見直せる具体物に変える","道具ではなく、人の迷いと例外から見る","判断チャート","4","1","false","false","false","related hub; related article","900","86","2026-06","P1"
"A003","日常の小さな不便を一人で抱えないための小さな表","日常の小さな不便を一人で抱えないための小さな表-a003","published","P01","誰にも評価されない仕事とは何か","F03 解説・仕組み","教員・学校職員","日常の小さな不便 チェックリスト","日常の小さな不便について、自分の生活や仕事に引き寄せて理解したい","「日常の小さな不便って、そういう見方があったのか」と人に送りたくなる","日常の小さな不便を、今日見直せる具体物に変える","道具ではなく、人の迷いと例外から見る","チェックリスト","4","1","false","false","false","related hub; related article","900","86","2026-06","P1"
"A004","日常の小さな不便で最初に迷う場所を見取り図にする","日常の小さな不便で最初に迷う場所を見取り図にする-a004","published","P01","道具が人の行動をどう変えるか","F04 比較・選択・判断","保護者・PTA","日常の小さな不便 仕組み","日常の小さな不便について、自分の生活や仕事に引き寄せて理解したい","「日常の小さな不便って、そういう見方があったのか」と人に送りたくなる","日常の小さな不便を、今日見直せる具体物に変える","道具ではなく、人の迷いと例外から見る","会話台本","4","1","false","false","false","related hub; related article","900","86","2026-06","P1"
"A005","日常の小さな不便の失敗例を先に並べてみる","日常の小さな不便の失敗例を先に並べてみる-a005","published","P01","人はなぜ古い方法を使い続けるのか","F05 チェックリスト・テンプレート","町内会・自治会関係者","日常の小さな不便 失敗","日常の小さな不便について、自分の生活や仕事に引き寄せて理解したい","「日常の小さな不便って、そういう見方があったのか」と人に送りたくなる","日常の小さな不便を、今日見直せる具体物に変える","道具ではなく、人の迷いと例外から見る","観察メモ","4","1","false","false","false","related hub; related article","900","86","2026-06","P1"
"A006","家・家族・共同生活は、誰のために続いているのか","家-家族-共同生活は-誰のために続いているのか-a006","published","P02","小さいことへ時間を使う意味","F06 無料ツール・計算機","地域イベント運営者","家・家族・共同生活 なぜ","家・家族・共同生活について、自分の生活や仕事に引き寄せて理解したい","「家・家族・共同生活って、そういう見方があったのか」と人に送りたくなる","家・家族・共同生活を、今日見直せる具体物に変える","道具ではなく、人の迷いと例外から見る","判断チャート","4","1","false","false","false","related hub; related article","900","86","2026-06","P1"
"A007","なぜ家・家族・共同生活は、少しだけ面倒なまま残るのか","なぜ家-家族-共同生活は-少しだけ面倒なまま残るのか-a007","published","P02","地域とテクノロジーの距離","F07 図鑑・データベース","個人事業主","家・家族・共同生活 方法","家・家族・共同生活について、自分の生活や仕事に引き寄せて理解したい","「家・家族・共同生活って、そういう見方があったのか」と人に送りたくなる","家・家族・共同生活を、今日見直せる具体物に変える","道具ではなく、人の迷いと例外から見る","チェックリスト","4","1","false","false","false","related hub; related article","900","86","2026-06","P1"
"A008","家・家族・共同生活を一人で抱えないための小さな表","家-家族-共同生活を一人で抱えないための小さな表-a008","published","P02","人に頼ることと仕組みに頼ること","F09 密着・一日・現場ルポ","副業を始めたい人","家・家族・共同生活 チェックリスト","家・家族・共同生活について、自分の生活や仕事に引き寄せて理解したい","「家・家族・共同生活って、そういう見方があったのか」と人に送りたくなる","家・家族・共同生活を、今日見直せる具体物に変える","道具ではなく、人の迷いと例外から見る","会話台本","4","1","false","false","false","related hub; related article","900","86","2026-06","P1"
"A009","家・家族・共同生活で最初に迷う場所を見取り図にする","家-家族-共同生活で最初に迷う場所を見取り図にする-a009","published","P02","記録することと忘れること","F10 制作ドキュメンタリー","小規模店舗の店主","家・家族・共同生活 仕組み","家・家族・共同生活について、自分の生活や仕事に引き寄せて理解したい","「家・家族・共同生活って、そういう見方があったのか」と人に送りたくなる","家・家族・共同生活を、今日見直せる具体物に変える","道具ではなく、人の迷いと例外から見る","観察メモ","4","1","false","false","false","related hub; related article","900","86","2026-06","P1"
"A010","家・家族・共同生活の失敗例を先に並べてみる","家-家族-共同生活の失敗例を先に並べてみる-a010","published","P02","便利さとプライバシー","F11 エッセー・論考・問題提起","飲食店・キッチンカー運営者","家・家族・共同生活 失敗","家・家族・共同生活について、自分の生活や仕事に引き寄せて理解したい","「家・家族・共同生活って、そういう見方があったのか」と人に送りたくなる","家・家族・共同生活を、今日見直せる具体物に変える","道具ではなく、人の迷いと例外から見る","判断チャート","4","1","false","false","false","related hub; related article","900","86","2026-06","P1"
"A011","片付け・整理・所有は、誰のために続いているのか","片付け-整理-所有は-誰のために続いているのか-a011","published","P03","子どもと大人で見える仕組みの違い","F12 データ記事・白書","サロン・教室運営者","片付け・整理・所有 なぜ","片付け・整理・所有について、自分の生活や仕事に引き寄せて理解したい","「片付け・整理・所有って、そういう見方があったのか」と人に送りたくなる","片付け・整理・所有を、今日見直せる具体物に変える","道具ではなく、人の迷いと例外から見る","チェックリスト","4","1","false","false","false","related hub; related article","900","86","2026-06","P1"
"A012","なぜ片付け・整理・所有は、少しだけ面倒なまま残るのか","なぜ片付け-整理-所有は-少しだけ面倒なまま残るのか-a012","published","P03","一人の問題は社会の問題になり得るか","F13 実験・検証・対決","民泊・観光関係者","片付け・整理・所有 方法","片付け・整理・所有について、自分の生活や仕事に引き寄せて理解したい","「片付け・整理・所有って、そういう見方があったのか」と人に送りたくなる","片付け・整理・所有を、今日見直せる具体物に変える","道具ではなく、人の迷いと例外から見る","会話台本","4","1","true","false","false","related hub; related article","900","86","2026-06","P1"
"A013","片付け・整理・所有を一人で抱えないための小さな表","片付け-整理-所有を一人で抱えないための小さな表-a013","published","P03","成功より失敗から何を学べるか","F14 ビジュアル解説","フリーランス・クリエイター","片付け・整理・所有 チェックリスト","片付け・整理・所有について、自分の生活や仕事に引き寄せて理解したい","「片付け・整理・所有って、そういう見方があったのか」と人に送りたくなる","片付け・整理・所有を、今日見直せる具体物に変える","道具ではなく、人の迷いと例外から見る","観察メモ","4","1","false","false","false","related hub; related article","900","86","2026-06","P1"
"A014","片付け・整理・所有で最初に迷う場所を見取り図にする","片付け-整理-所有で最初に迷う場所を見取り図にする-a014","published","P03","無料で提供する範囲はどこまでか","F15 診断・クイズ","エンジニア・開発者","片付け・整理・所有 仕組み","片付け・整理・所有について、自分の生活や仕事に引き寄せて理解したい","「片付け・整理・所有って、そういう見方があったのか」と人に送りたくなる","片付け・整理・所有を、今日見直せる具体物に変える","道具ではなく、人の迷いと例外から見る","判断チャート","4","1","false","false","false","related hub; related article","900","86","2026-06","P1"
"A015","片付け・整理・所有の失敗例を先に並べてみる","片付け-整理-所有の失敗例を先に並べてみる-a015","published","P03","仕事と生活を分けることは可能か","F16 投稿・Q&A・相談","技術に詳しくない事務担当者","片付け・整理・所有 失敗","片付け・整理・所有について、自分の生活や仕事に引き寄せて理解したい","「片付け・整理・所有って、そういう見方があったのか」と人に送りたくなる","片付け・整理・所有を、今日見直せる具体物に変える","道具ではなく、人の迷いと例外から見る","チェックリスト","4","1","false","false","false","related hub; related article","900","86","2026-06","P1"
"A016","時間・習慣・注意力は、誰のために続いているのか","時間-習慣-注意力は-誰のために続いているのか-a016","published","P04","効率化は常に正しいのか","F17 歴史・文化・由来","チームやプロジェクトの責任者","時間・習慣・注意力 なぜ","時間・習慣・注意力について、自分の生活や仕事に引き寄せて理解したい","「時間・習慣・注意力って、そういう見方があったのか」と人に送りたくなる","時間・習慣・注意力を、今日見直せる具体物に変える","道具ではなく、人の迷いと例外から見る","会話台本","4","1","false","false","false","related hub; related article","900","86","2026-06","P1"
"A017","なぜ時間・習慣・注意力は、少しだけ面倒なまま残るのか","なぜ時間-習慣-注意力は-少しだけ面倒なまま残るのか-a017","published","P04","不便には価値があるのか","F18 ニュース・トレンド分析","NPO・ボランティア関係者","時間・習慣・注意力 方法","時間・習慣・注意力について、自分の生活や仕事に引き寄せて理解したい","「時間・習慣・注意力って、そういう見方があったのか」と人に送りたくなる","時間・習慣・注意力を、今日見直せる具体物に変える","道具ではなく、人の迷いと例外から見る","観察メモ","4","1","false","false","false","related hub; related article","900","86","2026-06","P1"
"A018","時間・習慣・注意力を一人で抱えないための小さな表","時間-習慣-注意力を一人で抱えないための小さな表-a018","published","P04","誰にも評価されない仕事とは何か","F03 解説・仕組み","地方・田舎で暮らす人","時間・習慣・注意力 チェックリスト","時間・習慣・注意力について、自分の生活や仕事に引き寄せて理解したい","「時間・習慣・注意力って、そういう見方があったのか」と人に送りたくなる","時間・習慣・注意力を、今日見直せる具体物に変える","道具ではなく、人の迷いと例外から見る","判断チャート","4","1","false","false","true","related hub; related article","900","86","2026-06","P1"
"A019","時間・習慣・注意力で最初に迷う場所を見取り図にする","時間-習慣-注意力で最初に迷う場所を見取り図にする-a019","published","P04","道具が人の行動をどう変えるか","F01 検索回答記事","家族や共同生活を運営する人","時間・習慣・注意力 仕組み","時間・習慣・注意力について、自分の生活や仕事に引き寄せて理解したい","「時間・習慣・注意力って、そういう見方があったのか」と人に送りたくなる","時間・習慣・注意力を、今日見直せる具体物に変える","道具ではなく、人の迷いと例外から見る","チェックリスト","4","1","false","false","false","related hub; related article","900","86","2026-06","P1"
"A020","時間・習慣・注意力の失敗例を先に並べてみる","時間-習慣-注意力の失敗例を先に並べてみる-a020","published","P04","人はなぜ古い方法を使い続けるのか","F02 手順・ハウツー","特定の目的なく面白い記事を読みたい一般読者","時間・習慣・注意力 失敗","時間・習慣・注意力について、自分の生活や仕事に引き寄せて理解したい","「時間・習慣・注意力って、そういう見方があったのか」と人に送りたくなる","時間・習慣・注意力を、今日見直せる具体物に変える","道具ではなく、人の迷いと例外から見る","会話台本","4","1","false","false","false","related hub; related article","900","86","2026-06","P1"
"A021","連絡・会話・人間関係は、誰のために続いているのか","連絡-会話-人間関係は-誰のために続いているのか-a021","published","P05","小さいことへ時間を使う意味","F03 解説・仕組み","中学生・高校生・高専生","連絡・会話・人間関係 なぜ","連絡・会話・人間関係について、自分の生活や仕事に引き寄せて理解したい","「連絡・会話・人間関係って、そういう見方があったのか」と人に送りたくなる","連絡・会話・人間関係を、今日見直せる具体物に変える","道具ではなく、人の迷いと例外から見る","観察メモ","4","1","false","false","false","related hub; related article","900","86","2026-06","P1"
"A022","なぜ連絡・会話・人間関係は、少しだけ面倒なまま残るのか","なぜ連絡-会話-人間関係は-少しだけ面倒なまま残るのか-a022","published","P05","地域とテクノロジーの距離","F04 比較・選択・判断","大学生","連絡・会話・人間関係 方法","連絡・会話・人間関係について、自分の生活や仕事に引き寄せて理解したい","「連絡・会話・人間関係って、そういう見方があったのか」と人に送りたくなる","連絡・会話・人間関係を、今日見直せる具体物に変える","道具ではなく、人の迷いと例外から見る","判断チャート","4","1","false","false","false","related hub; related article","900","86","2026-06","P1"
"A023","連絡・会話・人間関係を一人で抱えないための小さな表","連絡-会話-人間関係を一人で抱えないための小さな表-a023","published","P05","人に頼ることと仕組みに頼ること","F05 チェックリスト・テンプレート","教員・学校職員","連絡・会話・人間関係 チェックリスト","連絡・会話・人間関係について、自分の生活や仕事に引き寄せて理解したい","「連絡・会話・人間関係って、そういう見方があったのか」と人に送りたくなる","連絡・会話・人間関係を、今日見直せる具体物に変える","道具ではなく、人の迷いと例外から見る","チェックリスト","4","1","true","false","false","related hub; related article","900","86","2026-06","P1"
"A024","連絡・会話・人間関係で最初に迷う場所を見取り図にする","連絡-会話-人間関係で最初に迷う場所を見取り図にする-a024","published","P05","記録することと忘れること","F06 無料ツール・計算機","保護者・PTA","連絡・会話・人間関係 仕組み","連絡・会話・人間関係について、自分の生活や仕事に引き寄せて理解したい","「連絡・会話・人間関係って、そういう見方があったのか」と人に送りたくなる","連絡・会話・人間関係を、今日見直せる具体物に変える","道具ではなく、人の迷いと例外から見る","会話台本","4","1","false","false","false","related hub; related article","900","86","2026-06","P1"
"A025","連絡・会話・人間関係の失敗例を先に並べてみる","連絡-会話-人間関係の失敗例を先に並べてみる-a025","published","P05","便利さとプライバシー","F07 図鑑・データベース","町内会・自治会関係者","連絡・会話・人間関係 失敗","連絡・会話・人間関係について、自分の生活や仕事に引き寄せて理解したい","「連絡・会話・人間関係って、そういう見方があったのか」と人に送りたくなる","連絡・会話・人間関係を、今日見直せる具体物に変える","道具ではなく、人の迷いと例外から見る","観察メモ","4","1","false","false","false","related hub; related article","900","86","2026-06","P1"
"A026","食事・料理・小さな食文化は、誰のために続いているのか","食事-料理-小さな食文化は-誰のために続いているのか-a026","published","P06","子どもと大人で見える仕組みの違い","F09 密着・一日・現場ルポ","地域イベント運営者","食事・料理・小さな食文化 なぜ","食事・料理・小さな食文化について、自分の生活や仕事に引き寄せて理解したい","「食事・料理・小さな食文化って、そういう見方があったのか」と人に送りたくなる","食事・料理・小さな食文化を、今日見直せる具体物に変える","道具ではなく、人の迷いと例外から見る","判断チャート","4","1","false","false","false","related hub; related article","900","86","2026-06","P1"
"A027","なぜ食事・料理・小さな食文化は、少しだけ面倒なまま残るのか","なぜ食事-料理-小さな食文化は-少しだけ面倒なまま残るのか-a027","published","P06","一人の問題は社会の問題になり得るか","F10 制作ドキュメンタリー","個人事業主","食事・料理・小さな食文化 方法","食事・料理・小さな食文化について、自分の生活や仕事に引き寄せて理解したい","「食事・料理・小さな食文化って、そういう見方があったのか」と人に送りたくなる","食事・料理・小さな食文化を、今日見直せる具体物に変える","道具ではなく、人の迷いと例外から見る","チェックリスト","4","1","false","false","false","related hub; related article","900","86","2026-06","P1"
"A028","食事・料理・小さな食文化を一人で抱えないための小さな表","食事-料理-小さな食文化を一人で抱えないための小さな表-a028","published","P06","成功より失敗から何を学べるか","F11 エッセー・論考・問題提起","副業を始めたい人","食事・料理・小さな食文化 チェックリスト","食事・料理・小さな食文化について、自分の生活や仕事に引き寄せて理解したい","「食事・料理・小さな食文化って、そういう見方があったのか」と人に送りたくなる","食事・料理・小さな食文化を、今日見直せる具体物に変える","道具ではなく、人の迷いと例外から見る","会話台本","4","1","false","false","false","related hub; related article","900","86","2026-06","P1"
"A029","食事・料理・小さな食文化で最初に迷う場所を見取り図にする","食事-料理-小さな食文化で最初に迷う場所を見取り図にする-a029","published","P06","無料で提供する範囲はどこまでか","F12 データ記事・白書","小規模店舗の店主","食事・料理・小さな食文化 仕組み","食事・料理・小さな食文化について、自分の生活や仕事に引き寄せて理解したい","「食事・料理・小さな食文化って、そういう見方があったのか」と人に送りたくなる","食事・料理・小さな食文化を、今日見直せる具体物に変える","道具ではなく、人の迷いと例外から見る","観察メモ","4","1","false","false","false","related hub; related article","900","86","2026-06","P1"
"A030","食事・料理・小さな食文化の失敗例を先に並べてみる","食事-料理-小さな食文化の失敗例を先に並べてみる-a030","published","P06","仕事と生活を分けることは可能か","F13 実験・検証・対決","飲食店・キッチンカー運営者","食事・料理・小さな食文化 失敗","食事・料理・小さな食文化について、自分の生活や仕事に引き寄せて理解したい","「食事・料理・小さな食文化って、そういう見方があったのか」と人に送りたくなる","食事・料理・小さな食文化を、今日見直せる具体物に変える","道具ではなく、人の迷いと例外から見る","判断チャート","4","1","false","false","false","related hub; related article","900","86","2026-06","P1"
"A031","買い物・消費・選択は、誰のために続いているのか","買い物-消費-選択は-誰のために続いているのか-a031","published","P07","効率化は常に正しいのか","F14 ビジュアル解説","サロン・教室運営者","買い物・消費・選択 なぜ","買い物・消費・選択について、自分の生活や仕事に引き寄せて理解したい","「買い物・消費・選択って、そういう見方があったのか」と人に送りたくなる","買い物・消費・選択を、今日見直せる具体物に変える","道具ではなく、人の迷いと例外から見る","チェックリスト","4","1","false","false","false","related hub; related article","900","86","2026-06","P2"
"A032","なぜ買い物・消費・選択は、少しだけ面倒なまま残るのか","なぜ買い物-消費-選択は-少しだけ面倒なまま残るのか-a032","published","P07","不便には価値があるのか","F15 診断・クイズ","民泊・観光関係者","買い物・消費・選択 方法","買い物・消費・選択について、自分の生活や仕事に引き寄せて理解したい","「買い物・消費・選択って、そういう見方があったのか」と人に送りたくなる","買い物・消費・選択を、今日見直せる具体物に変える","道具ではなく、人の迷いと例外から見る","会話台本","4","1","false","false","false","related hub; related article","900","86","2026-06","P2"
"A033","買い物・消費・選択を一人で抱えないための小さな表","買い物-消費-選択を一人で抱えないための小さな表-a033","published","P07","誰にも評価されない仕事とは何か","F16 投稿・Q&A・相談","フリーランス・クリエイター","買い物・消費・選択 チェックリスト","買い物・消費・選択について、自分の生活や仕事に引き寄せて理解したい","「買い物・消費・選択って、そういう見方があったのか」と人に送りたくなる","買い物・消費・選択を、今日見直せる具体物に変える","道具ではなく、人の迷いと例外から見る","観察メモ","4","1","false","false","false","related hub; related article","900","86","2026-06","P2"
"A034","買い物・消費・選択で最初に迷う場所を見取り図にする","買い物-消費-選択で最初に迷う場所を見取り図にする-a034","published","P07","道具が人の行動をどう変えるか","F17 歴史・文化・由来","エンジニア・開発者","買い物・消費・選択 仕組み","買い物・消費・選択について、自分の生活や仕事に引き寄せて理解したい","「買い物・消費・選択って、そういう見方があったのか」と人に送りたくなる","買い物・消費・選択を、今日見直せる具体物に変える","道具ではなく、人の迷いと例外から見る","判断チャート","4","1","true","false","false","related hub; related article","900","86","2026-06","P2"
"A035","買い物・消費・選択の失敗例を先に並べてみる","買い物-消費-選択の失敗例を先に並べてみる-a035","published","P07","人はなぜ古い方法を使い続けるのか","F18 ニュース・トレンド分析","技術に詳しくない事務担当者","買い物・消費・選択 失敗","買い物・消費・選択について、自分の生活や仕事に引き寄せて理解したい","「買い物・消費・選択って、そういう見方があったのか」と人に送りたくなる","買い物・消費・選択を、今日見直せる具体物に変える","道具ではなく、人の迷いと例外から見る","チェックリスト","4","1","false","false","true","related hub; related article","900","86","2026-06","P2"
"A036","移動・交通・待ち時間は、誰のために続いているのか","移動-交通-待ち時間は-誰のために続いているのか-a036","published","P08","小さいことへ時間を使う意味","F03 解説・仕組み","チームやプロジェクトの責任者","移動・交通・待ち時間 なぜ","移動・交通・待ち時間について、自分の生活や仕事に引き寄せて理解したい","「移動・交通・待ち時間って、そういう見方があったのか」と人に送りたくなる","移動・交通・待ち時間を、今日見直せる具体物に変える","道具ではなく、人の迷いと例外から見る","会話台本","4","1","false","false","false","related hub; related article","900","86","2026-06","P2"
"A037","なぜ移動・交通・待ち時間は、少しだけ面倒なまま残るのか","なぜ移動-交通-待ち時間は-少しだけ面倒なまま残るのか-a037","published","P08","地域とテクノロジーの距離","F01 検索回答記事","NPO・ボランティア関係者","移動・交通・待ち時間 方法","移動・交通・待ち時間について、自分の生活や仕事に引き寄せて理解したい","「移動・交通・待ち時間って、そういう見方があったのか」と人に送りたくなる","移動・交通・待ち時間を、今日見直せる具体物に変える","道具ではなく、人の迷いと例外から見る","観察メモ","4","1","false","false","false","related hub; related article","900","86","2026-06","P2"
"A038","移動・交通・待ち時間を一人で抱えないための小さな表","移動-交通-待ち時間を一人で抱えないための小さな表-a038","published","P08","人に頼ることと仕組みに頼ること","F02 手順・ハウツー","地方・田舎で暮らす人","移動・交通・待ち時間 チェックリスト","移動・交通・待ち時間について、自分の生活や仕事に引き寄せて理解したい","「移動・交通・待ち時間って、そういう見方があったのか」と人に送りたくなる","移動・交通・待ち時間を、今日見直せる具体物に変える","道具ではなく、人の迷いと例外から見る","判断チャート","4","1","false","false","false","related hub; related article","900","86","2026-06","P2"
"A039","移動・交通・待ち時間で最初に迷う場所を見取り図にする","移動-交通-待ち時間で最初に迷う場所を見取り図にする-a039","published","P08","記録することと忘れること","F03 解説・仕組み","家族や共同生活を運営する人","移動・交通・待ち時間 仕組み","移動・交通・待ち時間について、自分の生活や仕事に引き寄せて理解したい","「移動・交通・待ち時間って、そういう見方があったのか」と人に送りたくなる","移動・交通・待ち時間を、今日見直せる具体物に変える","道具ではなく、人の迷いと例外から見る","チェックリスト","4","1","false","false","false","related hub; related article","900","86","2026-06","P2"
"A040","移動・交通・待ち時間の失敗例を先に並べてみる","移動-交通-待ち時間の失敗例を先に並べてみる-a040","published","P08","便利さとプライバシー","F04 比較・選択・判断","特定の目的なく面白い記事を読みたい一般読者","移動・交通・待ち時間 失敗","移動・交通・待ち時間について、自分の生活や仕事に引き寄せて理解したい","「移動・交通・待ち時間って、そういう見方があったのか」と人に送りたくなる","移動・交通・待ち時間を、今日見直せる具体物に変える","道具ではなく、人の迷いと例外から見る","会話台本","4","1","false","false","false","related hub; related article","900","86","2026-06","P2"
"A041","学校生活は、誰のために続いているのか","学校生活は-誰のために続いているのか-a041","published","P09","子どもと大人で見える仕組みの違い","F05 チェックリスト・テンプレート","中学生・高校生・高専生","学校生活 なぜ","学校生活について、自分の生活や仕事に引き寄せて理解したい","「学校生活って、そういう見方があったのか」と人に送りたくなる","学校生活を、今日見直せる具体物に変える","道具ではなく、人の迷いと例外から見る","観察メモ","4","1","false","false","false","related hub; related article","900","86","2026-06","P2"
"A042","なぜ学校生活は、少しだけ面倒なまま残るのか","なぜ学校生活は-少しだけ面倒なまま残るのか-a042","published","P09","一人の問題は社会の問題になり得るか","F06 無料ツール・計算機","大学生","学校生活 方法","学校生活について、自分の生活や仕事に引き寄せて理解したい","「学校生活って、そういう見方があったのか」と人に送りたくなる","学校生活を、今日見直せる具体物に変える","道具ではなく、人の迷いと例外から見る","判断チャート","4","1","false","false","false","related hub; related article","900","86","2026-06","P2"
"A043","学校生活を一人で抱えないための小さな表","学校生活を一人で抱えないための小さな表-a043","published","P09","成功より失敗から何を学べるか","F07 図鑑・データベース","教員・学校職員","学校生活 チェックリスト","学校生活について、自分の生活や仕事に引き寄せて理解したい","「学校生活って、そういう見方があったのか」と人に送りたくなる","学校生活を、今日見直せる具体物に変える","道具ではなく、人の迷いと例外から見る","チェックリスト","4","1","false","false","false","related hub; related article","900","86","2026-06","P2"
"A044","学校生活で最初に迷う場所を見取り図にする","学校生活で最初に迷う場所を見取り図にする-a044","published","P09","無料で提供する範囲はどこまでか","F09 密着・一日・現場ルポ","保護者・PTA","学校生活 仕組み","学校生活について、自分の生活や仕事に引き寄せて理解したい","「学校生活って、そういう見方があったのか」と人に送りたくなる","学校生活を、今日見直せる具体物に変える","道具ではなく、人の迷いと例外から見る","会話台本","4","1","false","false","false","related hub; related article","900","86","2026-06","P2"
"A045","学校生活の失敗例を先に並べてみる","学校生活の失敗例を先に並べてみる-a045","published","P09","仕事と生活を分けることは可能か","F10 制作ドキュメンタリー","町内会・自治会関係者","学校生活 失敗","学校生活について、自分の生活や仕事に引き寄せて理解したい","「学校生活って、そういう見方があったのか」と人に送りたくなる","学校生活を、今日見直せる具体物に変える","道具ではなく、人の迷いと例外から見る","観察メモ","4","1","true","false","false","related hub; related article","900","86","2026-06","P2"
"A046","教えること・学ぶことは、誰のために続いているのか","教えること-学ぶことは-誰のために続いているのか-a046","published","P10","効率化は常に正しいのか","F11 エッセー・論考・問題提起","地域イベント運営者","教えること・学ぶこと なぜ","教えること・学ぶことについて、自分の生活や仕事に引き寄せて理解したい","「教えること・学ぶことって、そういう見方があったのか」と人に送りたくなる","教えること・学ぶことを、今日見直せる具体物に変える","道具ではなく、人の迷いと例外から見る","判断チャート","4","1","false","false","false","related hub; related article","900","86","2026-06","P2"
"A047","なぜ教えること・学ぶことは、少しだけ面倒なまま残るのか","なぜ教えること-学ぶことは-少しだけ面倒なまま残るのか-a047","published","P10","不便には価値があるのか","F12 データ記事・白書","個人事業主","教えること・学ぶこと 方法","教えること・学ぶことについて、自分の生活や仕事に引き寄せて理解したい","「教えること・学ぶことって、そういう見方があったのか」と人に送りたくなる","教えること・学ぶことを、今日見直せる具体物に変える","道具ではなく、人の迷いと例外から見る","チェックリスト","4","1","false","false","false","related hub; related article","900","86","2026-06","P2"
"A048","教えること・学ぶことを一人で抱えないための小さな表","教えること-学ぶことを一人で抱えないための小さな表-a048","published","P10","誰にも評価されない仕事とは何か","F13 実験・検証・対決","副業を始めたい人","教えること・学ぶこと チェックリスト","教えること・学ぶことについて、自分の生活や仕事に引き寄せて理解したい","「教えること・学ぶことって、そういう見方があったのか」と人に送りたくなる","教えること・学ぶことを、今日見直せる具体物に変える","道具ではなく、人の迷いと例外から見る","会話台本","4","1","false","false","false","related hub; related article","900","86","2026-06","P2"
"A049","教えること・学ぶことで最初に迷う場所を見取り図にする","教えること-学ぶことで最初に迷う場所を見取り図にする-a049","published","P10","道具が人の行動をどう変えるか","F14 ビジュアル解説","小規模店舗の店主","教えること・学ぶこと 仕組み","教えること・学ぶことについて、自分の生活や仕事に引き寄せて理解したい","「教えること・学ぶことって、そういう見方があったのか」と人に送りたくなる","教えること・学ぶことを、今日見直せる具体物に変える","道具ではなく、人の迷いと例外から見る","観察メモ","4","1","false","false","false","related hub; related article","900","86","2026-06","P2"
"A050","教えること・学ぶことの失敗例を先に並べてみる","教えること-学ぶことの失敗例を先に並べてみる-a050","published","P10","人はなぜ古い方法を使い続けるのか","F15 診断・クイズ","飲食店・キッチンカー運営者","教えること・学ぶこと 失敗","教えること・学ぶことについて、自分の生活や仕事に引き寄せて理解したい","「教えること・学ぶことって、そういう見方があったのか」と人に送りたくなる","教えること・学ぶことを、今日見直せる具体物に変える","道具ではなく、人の迷いと例外から見る","判断チャート","4","1","false","false","false","related hub; related article","900","86","2026-06","P2"
"A051","子ども・若者の視点は、誰のために続いているのか","子ども-若者の視点は-誰のために続いているのか-a051","published","P11","小さいことへ時間を使う意味","F16 投稿・Q&A・相談","サロン・教室運営者","子ども・若者の視点 なぜ","子ども・若者の視点について、自分の生活や仕事に引き寄せて理解したい","「子ども・若者の視点って、そういう見方があったのか」と人に送りたくなる","子ども・若者の視点を、今日見直せる具体物に変える","道具ではなく、人の迷いと例外から見る","チェックリスト","4","1","false","false","false","related hub; related article","900","86","2026-06","P2"
"A052","なぜ子ども・若者の視点は、少しだけ面倒なまま残るのか","なぜ子ども-若者の視点は-少しだけ面倒なまま残るのか-a052","published","P11","地域とテクノロジーの距離","F17 歴史・文化・由来","民泊・観光関係者","子ども・若者の視点 方法","子ども・若者の視点について、自分の生活や仕事に引き寄せて理解したい","「子ども・若者の視点って、そういう見方があったのか」と人に送りたくなる","子ども・若者の視点を、今日見直せる具体物に変える","道具ではなく、人の迷いと例外から見る","会話台本","4","1","false","false","true","related hub; related article","900","86","2026-06","P2"
"A053","子ども・若者の視点を一人で抱えないための小さな表","子ども-若者の視点を一人で抱えないための小さな表-a053","published","P11","人に頼ることと仕組みに頼ること","F18 ニュース・トレンド分析","フリーランス・クリエイター","子ども・若者の視点 チェックリスト","子ども・若者の視点について、自分の生活や仕事に引き寄せて理解したい","「子ども・若者の視点って、そういう見方があったのか」と人に送りたくなる","子ども・若者の視点を、今日見直せる具体物に変える","道具ではなく、人の迷いと例外から見る","観察メモ","4","1","false","false","false","related hub; related article","900","86","2026-06","P2"
"A054","子ども・若者の視点で最初に迷う場所を見取り図にする","子ども-若者の視点で最初に迷う場所を見取り図にする-a054","published","P11","記録することと忘れること","F03 解説・仕組み","エンジニア・開発者","子ども・若者の視点 仕組み","子ども・若者の視点について、自分の生活や仕事に引き寄せて理解したい","「子ども・若者の視点って、そういう見方があったのか」と人に送りたくなる","子ども・若者の視点を、今日見直せる具体物に変える","道具ではなく、人の迷いと例外から見る","判断チャート","4","1","false","false","false","related hub; related article","900","86","2026-06","P2"
"A055","子ども・若者の視点の失敗例を先に並べてみる","子ども-若者の視点の失敗例を先に並べてみる-a055","published","P11","便利さとプライバシー","F01 検索回答記事","技術に詳しくない事務担当者","子ども・若者の視点 失敗","子ども・若者の視点について、自分の生活や仕事に引き寄せて理解したい","「子ども・若者の視点って、そういう見方があったのか」と人に送りたくなる","子ども・若者の視点を、今日見直せる具体物に変える","道具ではなく、人の迷いと例外から見る","チェックリスト","4","1","false","false","false","related hub; related article","900","86","2026-06","P2"
"A056","学生プロジェクト・部活動は、誰のために続いているのか","学生プロジェクト-部活動は-誰のために続いているのか-a056","published","P12","子どもと大人で見える仕組みの違い","F02 手順・ハウツー","チームやプロジェクトの責任者","学生プロジェクト・部活動 なぜ","学生プロジェクト・部活動について、自分の生活や仕事に引き寄せて理解したい","「学生プロジェクト・部活動って、そういう見方があったのか」と人に送りたくなる","学生プロジェクト・部活動を、今日見直せる具体物に変える","道具ではなく、人の迷いと例外から見る","会話台本","4","1","true","false","false","related hub; related article","900","86","2026-06","P2"
"A057","なぜ学生プロジェクト・部活動は、少しだけ面倒なまま残るのか","なぜ学生プロジェクト-部活動は-少しだけ面倒なまま残るのか-a057","published","P12","一人の問題は社会の問題になり得るか","F03 解説・仕組み","NPO・ボランティア関係者","学生プロジェクト・部活動 方法","学生プロジェクト・部活動について、自分の生活や仕事に引き寄せて理解したい","「学生プロジェクト・部活動って、そういう見方があったのか」と人に送りたくなる","学生プロジェクト・部活動を、今日見直せる具体物に変える","道具ではなく、人の迷いと例外から見る","観察メモ","4","1","false","false","false","related hub; related article","900","86","2026-06","P2"
"A058","学生プロジェクト・部活動を一人で抱えないための小さな表","学生プロジェクト-部活動を一人で抱えないための小さな表-a058","published","P12","成功より失敗から何を学べるか","F04 比較・選択・判断","地方・田舎で暮らす人","学生プロジェクト・部活動 チェックリスト","学生プロジェクト・部活動について、自分の生活や仕事に引き寄せて理解したい","「学生プロジェクト・部活動って、そういう見方があったのか」と人に送りたくなる","学生プロジェクト・部活動を、今日見直せる具体物に変える","道具ではなく、人の迷いと例外から見る","判断チャート","4","1","false","false","false","related hub; related article","900","86","2026-06","P2"
"A059","学生プロジェクト・部活動で最初に迷う場所を見取り図にする","学生プロジェクト-部活動で最初に迷う場所を見取り図にする-a059","published","P12","無料で提供する範囲はどこまでか","F05 チェックリスト・テンプレート","家族や共同生活を運営する人","学生プロジェクト・部活動 仕組み","学生プロジェクト・部活動について、自分の生活や仕事に引き寄せて理解したい","「学生プロジェクト・部活動って、そういう見方があったのか」と人に送りたくなる","学生プロジェクト・部活動を、今日見直せる具体物に変える","道具ではなく、人の迷いと例外から見る","チェックリスト","4","1","false","false","false","related hub; related article","900","86","2026-06","P2"
"A060","学生プロジェクト・部活動の失敗例を先に並べてみる","学生プロジェクト-部活動の失敗例を先に並べてみる-a060","published","P12","仕事と生活を分けることは可能か","F06 無料ツール・計算機","特定の目的なく面白い記事を読みたい一般読者","学生プロジェクト・部活動 失敗","学生プロジェクト・部活動について、自分の生活や仕事に引き寄せて理解したい","「学生プロジェクト・部活動って、そういう見方があったのか」と人に送りたくなる","学生プロジェクト・部活動を、今日見直せる具体物に変える","道具ではなく、人の迷いと例外から見る","会話台本","4","1","false","false","false","related hub; related article","900","86","2026-06","P2"
"A061","記憶・理解・考える技術は、誰のために続いているのか","記憶-理解-考える技術は-誰のために続いているのか-a061","published","P13","効率化は常に正しいのか","F07 図鑑・データベース","中学生・高校生・高専生","記憶・理解・考える技術 なぜ","記憶・理解・考える技術について、自分の生活や仕事に引き寄せて理解したい","「記憶・理解・考える技術って、そういう見方があったのか」と人に送りたくなる","記憶・理解・考える技術を、今日見直せる具体物に変える","道具ではなく、人の迷いと例外から見る","観察メモ","4","1","false","false","false","related hub; related article","900","86","2026-06","P2"
"A062","なぜ記憶・理解・考える技術は、少しだけ面倒なまま残るのか","なぜ記憶-理解-考える技術は-少しだけ面倒なまま残るのか-a062","published","P13","不便には価値があるのか","F09 密着・一日・現場ルポ","大学生","記憶・理解・考える技術 方法","記憶・理解・考える技術について、自分の生活や仕事に引き寄せて理解したい","「記憶・理解・考える技術って、そういう見方があったのか」と人に送りたくなる","記憶・理解・考える技術を、今日見直せる具体物に変える","道具ではなく、人の迷いと例外から見る","判断チャート","4","1","false","false","false","related hub; related article","900","86","2026-06","P2"
"A063","記憶・理解・考える技術を一人で抱えないための小さな表","記憶-理解-考える技術を一人で抱えないための小さな表-a063","published","P13","誰にも評価されない仕事とは何か","F10 制作ドキュメンタリー","教員・学校職員","記憶・理解・考える技術 チェックリスト","記憶・理解・考える技術について、自分の生活や仕事に引き寄せて理解したい","「記憶・理解・考える技術って、そういう見方があったのか」と人に送りたくなる","記憶・理解・考える技術を、今日見直せる具体物に変える","道具ではなく、人の迷いと例外から見る","チェックリスト","4","1","false","false","false","related hub; related article","900","86","2026-06","P2"
"A064","記憶・理解・考える技術で最初に迷う場所を見取り図にする","記憶-理解-考える技術で最初に迷う場所を見取り図にする-a064","published","P13","道具が人の行動をどう変えるか","F11 エッセー・論考・問題提起","保護者・PTA","記憶・理解・考える技術 仕組み","記憶・理解・考える技術について、自分の生活や仕事に引き寄せて理解したい","「記憶・理解・考える技術って、そういう見方があったのか」と人に送りたくなる","記憶・理解・考える技術を、今日見直せる具体物に変える","道具ではなく、人の迷いと例外から見る","会話台本","4","1","false","false","false","related hub; related article","900","86","2026-06","P2"
"A065","記憶・理解・考える技術の失敗例を先に並べてみる","記憶-理解-考える技術の失敗例を先に並べてみる-a065","published","P13","人はなぜ古い方法を使い続けるのか","F12 データ記事・白書","町内会・自治会関係者","記憶・理解・考える技術 失敗","記憶・理解・考える技術について、自分の生活や仕事に引き寄せて理解したい","「記憶・理解・考える技術って、そういう見方があったのか」と人に送りたくなる","記憶・理解・考える技術を、今日見直せる具体物に変える","道具ではなく、人の迷いと例外から見る","観察メモ","4","1","false","false","false","related hub; related article","900","86","2026-06","P2"
"A066","小さな仕事・名もない作業は、誰のために続いているのか","小さな仕事-名もない作業は-誰のために続いているのか-a066","published","P14","小さいことへ時間を使う意味","F13 実験・検証・対決","地域イベント運営者","小さな仕事・名もない作業 なぜ","小さな仕事・名もない作業について、自分の生活や仕事に引き寄せて理解したい","「小さな仕事・名もない作業って、そういう見方があったのか」と人に送りたくなる","小さな仕事・名もない作業を、今日見直せる具体物に変える","道具ではなく、人の迷いと例外から見る","判断チャート","4","1","false","false","false","related hub; related article","900","86","2026-06","P2"
"A067","なぜ小さな仕事・名もない作業は、少しだけ面倒なまま残るのか","なぜ小さな仕事-名もない作業は-少しだけ面倒なまま残るのか-a067","published","P14","地域とテクノロジーの距離","F14 ビジュアル解説","個人事業主","小さな仕事・名もない作業 方法","小さな仕事・名もない作業について、自分の生活や仕事に引き寄せて理解したい","「小さな仕事・名もない作業って、そういう見方があったのか」と人に送りたくなる","小さな仕事・名もない作業を、今日見直せる具体物に変える","道具ではなく、人の迷いと例外から見る","チェックリスト","4","1","true","false","false","related hub; related article","900","86","2026-06","P2"
"A068","小さな仕事・名もない作業を一人で抱えないための小さな表","小さな仕事-名もない作業を一人で抱えないための小さな表-a068","published","P14","人に頼ることと仕組みに頼ること","F15 診断・クイズ","副業を始めたい人","小さな仕事・名もない作業 チェックリスト","小さな仕事・名もない作業について、自分の生活や仕事に引き寄せて理解したい","「小さな仕事・名もない作業って、そういう見方があったのか」と人に送りたくなる","小さな仕事・名もない作業を、今日見直せる具体物に変える","道具ではなく、人の迷いと例外から見る","会話台本","4","1","false","false","false","related hub; related article","900","86","2026-06","P2"
"A069","小さな仕事・名もない作業で最初に迷う場所を見取り図にする","小さな仕事-名もない作業で最初に迷う場所を見取り図にする-a069","published","P14","記録することと忘れること","F16 投稿・Q&A・相談","小規模店舗の店主","小さな仕事・名もない作業 仕組み","小さな仕事・名もない作業について、自分の生活や仕事に引き寄せて理解したい","「小さな仕事・名もない作業って、そういう見方があったのか」と人に送りたくなる","小さな仕事・名もない作業を、今日見直せる具体物に変える","道具ではなく、人の迷いと例外から見る","観察メモ","4","1","false","false","true","related hub; related article","900","86","2026-06","P2"
"A070","小さな仕事・名もない作業の失敗例を先に並べてみる","小さな仕事-名もない作業の失敗例を先に並べてみる-a070","published","P14","便利さとプライバシー","F17 歴史・文化・由来","飲食店・キッチンカー運営者","小さな仕事・名もない作業 失敗","小さな仕事・名もない作業について、自分の生活や仕事に引き寄せて理解したい","「小さな仕事・名もない作業って、そういう見方があったのか」と人に送りたくなる","小さな仕事・名もない作業を、今日見直せる具体物に変える","道具ではなく、人の迷いと例外から見る","判断チャート","4","1","false","false","false","related hub; related article","900","86","2026-06","P2"
"A071","働き方・時間・疲労は、誰のために続いているのか","働き方-時間-疲労は-誰のために続いているのか-a071","published","P15","子どもと大人で見える仕組みの違い","F18 ニュース・トレンド分析","サロン・教室運営者","働き方・時間・疲労 なぜ","働き方・時間・疲労について、自分の生活や仕事に引き寄せて理解したい","「働き方・時間・疲労って、そういう見方があったのか」と人に送りたくなる","働き方・時間・疲労を、今日見直せる具体物に変える","道具ではなく、人の迷いと例外から見る","チェックリスト","4","1","false","false","false","related hub; related article","900","86","2026-06","P2"
"A072","なぜ働き方・時間・疲労は、少しだけ面倒なまま残るのか","なぜ働き方-時間-疲労は-少しだけ面倒なまま残るのか-a072","published","P15","一人の問題は社会の問題になり得るか","F03 解説・仕組み","民泊・観光関係者","働き方・時間・疲労 方法","働き方・時間・疲労について、自分の生活や仕事に引き寄せて理解したい","「働き方・時間・疲労って、そういう見方があったのか」と人に送りたくなる","働き方・時間・疲労を、今日見直せる具体物に変える","道具ではなく、人の迷いと例外から見る","会話台本","4","1","false","false","false","related hub; related article","900","86","2026-06","P2"
"A073","働き方・時間・疲労を一人で抱えないための小さな表","働き方-時間-疲労を一人で抱えないための小さな表-a073","published","P15","成功より失敗から何を学べるか","F01 検索回答記事","フリーランス・クリエイター","働き方・時間・疲労 チェックリスト","働き方・時間・疲労について、自分の生活や仕事に引き寄せて理解したい","「働き方・時間・疲労って、そういう見方があったのか」と人に送りたくなる","働き方・時間・疲労を、今日見直せる具体物に変える","道具ではなく、人の迷いと例外から見る","観察メモ","4","1","false","false","false","related hub; related article","900","86","2026-06","P2"
"A074","働き方・時間・疲労で最初に迷う場所を見取り図にする","働き方-時間-疲労で最初に迷う場所を見取り図にする-a074","published","P15","無料で提供する範囲はどこまでか","F02 手順・ハウツー","エンジニア・開発者","働き方・時間・疲労 仕組み","働き方・時間・疲労について、自分の生活や仕事に引き寄せて理解したい","「働き方・時間・疲労って、そういう見方があったのか」と人に送りたくなる","働き方・時間・疲労を、今日見直せる具体物に変える","道具ではなく、人の迷いと例外から見る","判断チャート","4","1","false","false","false","related hub; related article","900","86","2026-06","P2"
"A075","働き方・時間・疲労の失敗例を先に並べてみる","働き方-時間-疲労の失敗例を先に並べてみる-a075","published","P15","仕事と生活を分けることは可能か","F03 解説・仕組み","技術に詳しくない事務担当者","働き方・時間・疲労 失敗","働き方・時間・疲労について、自分の生活や仕事に引き寄せて理解したい","「働き方・時間・疲労って、そういう見方があったのか」と人に送りたくなる","働き方・時間・疲労を、今日見直せる具体物に変える","道具ではなく、人の迷いと例外から見る","チェックリスト","4","1","false","false","false","related hub; related article","900","86","2026-06","P2"
"A076","チーム・組織・会議は、誰のために続いているのか","チーム-組織-会議は-誰のために続いているのか-a076","published","P16","効率化は常に正しいのか","F04 比較・選択・判断","チームやプロジェクトの責任者","チーム・組織・会議 なぜ","チーム・組織・会議について、自分の生活や仕事に引き寄せて理解したい","「チーム・組織・会議って、そういう見方があったのか」と人に送りたくなる","チーム・組織・会議を、今日見直せる具体物に変える","道具ではなく、人の迷いと例外から見る","会話台本","4","1","false","false","false","related hub; related article","900","86","2026-06","P2"
"A077","なぜチーム・組織・会議は、少しだけ面倒なまま残るのか","なぜチーム-組織-会議は-少しだけ面倒なまま残るのか-a077","published","P16","不便には価値があるのか","F05 チェックリスト・テンプレート","NPO・ボランティア関係者","チーム・組織・会議 方法","チーム・組織・会議について、自分の生活や仕事に引き寄せて理解したい","「チーム・組織・会議って、そういう見方があったのか」と人に送りたくなる","チーム・組織・会議を、今日見直せる具体物に変える","道具ではなく、人の迷いと例外から見る","観察メモ","4","1","false","false","false","related hub; related article","900","86","2026-06","P2"
"A078","チーム・組織・会議を一人で抱えないための小さな表","チーム-組織-会議を一人で抱えないための小さな表-a078","published","P16","誰にも評価されない仕事とは何か","F06 無料ツール・計算機","地方・田舎で暮らす人","チーム・組織・会議 チェックリスト","チーム・組織・会議について、自分の生活や仕事に引き寄せて理解したい","「チーム・組織・会議って、そういう見方があったのか」と人に送りたくなる","チーム・組織・会議を、今日見直せる具体物に変える","道具ではなく、人の迷いと例外から見る","判断チャート","4","1","true","false","false","related hub; related article","900","86","2026-06","P2"
"A079","チーム・組織・会議で最初に迷う場所を見取り図にする","チーム-組織-会議で最初に迷う場所を見取り図にする-a079","published","P16","道具が人の行動をどう変えるか","F07 図鑑・データベース","家族や共同生活を運営する人","チーム・組織・会議 仕組み","チーム・組織・会議について、自分の生活や仕事に引き寄せて理解したい","「チーム・組織・会議って、そういう見方があったのか」と人に送りたくなる","チーム・組織・会議を、今日見直せる具体物に変える","道具ではなく、人の迷いと例外から見る","チェックリスト","4","1","false","false","false","related hub; related article","900","86","2026-06","P2"
"A080","チーム・組織・会議の失敗例を先に並べてみる","チーム-組織-会議の失敗例を先に並べてみる-a080","published","P16","人はなぜ古い方法を使い続けるのか","F09 密着・一日・現場ルポ","特定の目的なく面白い記事を読みたい一般読者","チーム・組織・会議 失敗","チーム・組織・会議について、自分の生活や仕事に引き寄せて理解したい","「チーム・組織・会議って、そういう見方があったのか」と人に送りたくなる","チーム・組織・会議を、今日見直せる具体物に変える","道具ではなく、人の迷いと例外から見る","会話台本","4","1","false","false","false","related hub; related article","900","86","2026-06","P2"
"A081","引き継ぎ・属人化・記録は、誰のために続いているのか","引き継ぎ-属人化-記録は-誰のために続いているのか-a081","published","P17","小さいことへ時間を使う意味","F10 制作ドキュメンタリー","中学生・高校生・高専生","引き継ぎ・属人化・記録 なぜ","引き継ぎ・属人化・記録について、自分の生活や仕事に引き寄せて理解したい","「引き継ぎ・属人化・記録って、そういう見方があったのか」と人に送りたくなる","引き継ぎ・属人化・記録を、今日見直せる具体物に変える","道具ではなく、人の迷いと例外から見る","観察メモ","4","1","false","false","false","related hub; related article","900","86","2026-06","P2"
"A082","なぜ引き継ぎ・属人化・記録は、少しだけ面倒なまま残るのか","なぜ引き継ぎ-属人化-記録は-少しだけ面倒なまま残るのか-a082","published","P17","地域とテクノロジーの距離","F11 エッセー・論考・問題提起","大学生","引き継ぎ・属人化・記録 方法","引き継ぎ・属人化・記録について、自分の生活や仕事に引き寄せて理解したい","「引き継ぎ・属人化・記録って、そういう見方があったのか」と人に送りたくなる","引き継ぎ・属人化・記録を、今日見直せる具体物に変える","道具ではなく、人の迷いと例外から見る","判断チャート","4","1","false","false","false","related hub; related article","900","86","2026-06","P2"
"A083","引き継ぎ・属人化・記録を一人で抱えないための小さな表","引き継ぎ-属人化-記録を一人で抱えないための小さな表-a083","published","P17","人に頼ることと仕組みに頼ること","F12 データ記事・白書","教員・学校職員","引き継ぎ・属人化・記録 チェックリスト","引き継ぎ・属人化・記録について、自分の生活や仕事に引き寄せて理解したい","「引き継ぎ・属人化・記録って、そういう見方があったのか」と人に送りたくなる","引き継ぎ・属人化・記録を、今日見直せる具体物に変える","道具ではなく、人の迷いと例外から見る","チェックリスト","4","1","false","false","false","related hub; related article","900","86","2026-06","P2"
"A084","引き継ぎ・属人化・記録で最初に迷う場所を見取り図にする","引き継ぎ-属人化-記録で最初に迷う場所を見取り図にする-a084","published","P17","記録することと忘れること","F13 実験・検証・対決","保護者・PTA","引き継ぎ・属人化・記録 仕組み","引き継ぎ・属人化・記録について、自分の生活や仕事に引き寄せて理解したい","「引き継ぎ・属人化・記録って、そういう見方があったのか」と人に送りたくなる","引き継ぎ・属人化・記録を、今日見直せる具体物に変える","道具ではなく、人の迷いと例外から見る","会話台本","4","1","false","false","false","related hub; related article","900","86","2026-06","P2"
"A085","引き継ぎ・属人化・記録の失敗例を先に並べてみる","引き継ぎ-属人化-記録の失敗例を先に並べてみる-a085","published","P17","便利さとプライバシー","F14 ビジュアル解説","町内会・自治会関係者","引き継ぎ・属人化・記録 失敗","引き継ぎ・属人化・記録について、自分の生活や仕事に引き寄せて理解したい","「引き継ぎ・属人化・記録って、そういう見方があったのか」と人に送りたくなる","引き継ぎ・属人化・記録を、今日見直せる具体物に変える","道具ではなく、人の迷いと例外から見る","観察メモ","4","1","false","false","false","related hub; related article","900","86","2026-06","P2"
"A086","接客・顧客対応は、誰のために続いているのか","接客-顧客対応は-誰のために続いているのか-a086","published","P18","子どもと大人で見える仕組みの違い","F15 診断・クイズ","地域イベント運営者","接客・顧客対応 なぜ","接客・顧客対応について、自分の生活や仕事に引き寄せて理解したい","「接客・顧客対応って、そういう見方があったのか」と人に送りたくなる","接客・顧客対応を、今日見直せる具体物に変える","道具ではなく、人の迷いと例外から見る","判断チャート","4","1","false","false","true","related hub; related article","900","86","2026-06","P2"
"A087","なぜ接客・顧客対応は、少しだけ面倒なまま残るのか","なぜ接客-顧客対応は-少しだけ面倒なまま残るのか-a087","published","P18","一人の問題は社会の問題になり得るか","F16 投稿・Q&A・相談","個人事業主","接客・顧客対応 方法","接客・顧客対応について、自分の生活や仕事に引き寄せて理解したい","「接客・顧客対応って、そういう見方があったのか」と人に送りたくなる","接客・顧客対応を、今日見直せる具体物に変える","道具ではなく、人の迷いと例外から見る","チェックリスト","4","1","false","false","false","related hub; related article","900","86","2026-06","P2"
"A088","接客・顧客対応を一人で抱えないための小さな表","接客-顧客対応を一人で抱えないための小さな表-a088","published","P18","成功より失敗から何を学べるか","F17 歴史・文化・由来","副業を始めたい人","接客・顧客対応 チェックリスト","接客・顧客対応について、自分の生活や仕事に引き寄せて理解したい","「接客・顧客対応って、そういう見方があったのか」と人に送りたくなる","接客・顧客対応を、今日見直せる具体物に変える","道具ではなく、人の迷いと例外から見る","会話台本","4","1","false","false","false","related hub; related article","900","86","2026-06","P2"
"A089","接客・顧客対応で最初に迷う場所を見取り図にする","接客-顧客対応で最初に迷う場所を見取り図にする-a089","published","P18","無料で提供する範囲はどこまでか","F18 ニュース・トレンド分析","小規模店舗の店主","接客・顧客対応 仕組み","接客・顧客対応について、自分の生活や仕事に引き寄せて理解したい","「接客・顧客対応って、そういう見方があったのか」と人に送りたくなる","接客・顧客対応を、今日見直せる具体物に変える","道具ではなく、人の迷いと例外から見る","観察メモ","4","1","true","false","false","related hub; related article","900","86","2026-06","P2"
"A090","接客・顧客対応の失敗例を先に並べてみる","接客-顧客対応の失敗例を先に並べてみる-a090","published","P18","仕事と生活を分けることは可能か","F03 解説・仕組み","飲食店・キッチンカー運営者","接客・顧客対応 失敗","接客・顧客対応について、自分の生活や仕事に引き寄せて理解したい","「接客・顧客対応って、そういう見方があったのか」と人に送りたくなる","接客・顧客対応を、今日見直せる具体物に変える","道具ではなく、人の迷いと例外から見る","判断チャート","4","1","false","false","false","related hub; related article","900","86","2026-06","P2"
"A091","採用・教育・働き始めは、誰のために続いているのか","採用-教育-働き始めは-誰のために続いているのか-a091","published","P19","効率化は常に正しいのか","F01 検索回答記事","サロン・教室運営者","採用・教育・働き始め なぜ","採用・教育・働き始めについて、自分の生活や仕事に引き寄せて理解したい","「採用・教育・働き始めって、そういう見方があったのか」と人に送りたくなる","採用・教育・働き始めを、今日見直せる具体物に変える","道具ではなく、人の迷いと例外から見る","チェックリスト","4","1","false","false","false","related hub; related article","900","86","2026-06","P3"
"A092","なぜ採用・教育・働き始めは、少しだけ面倒なまま残るのか","なぜ採用-教育-働き始めは-少しだけ面倒なまま残るのか-a092","published","P19","不便には価値があるのか","F02 手順・ハウツー","民泊・観光関係者","採用・教育・働き始め 方法","採用・教育・働き始めについて、自分の生活や仕事に引き寄せて理解したい","「採用・教育・働き始めって、そういう見方があったのか」と人に送りたくなる","採用・教育・働き始めを、今日見直せる具体物に変える","道具ではなく、人の迷いと例外から見る","会話台本","4","1","false","false","false","related hub; related article","900","86","2026-06","P3"
"A093","採用・教育・働き始めを一人で抱えないための小さな表","採用-教育-働き始めを一人で抱えないための小さな表-a093","published","P19","誰にも評価されない仕事とは何か","F03 解説・仕組み","フリーランス・クリエイター","採用・教育・働き始め チェックリスト","採用・教育・働き始めについて、自分の生活や仕事に引き寄せて理解したい","「採用・教育・働き始めって、そういう見方があったのか」と人に送りたくなる","採用・教育・働き始めを、今日見直せる具体物に変える","道具ではなく、人の迷いと例外から見る","観察メモ","4","1","false","false","false","related hub; related article","900","86","2026-06","P3"
"A094","採用・教育・働き始めで最初に迷う場所を見取り図にする","採用-教育-働き始めで最初に迷う場所を見取り図にする-a094","published","P19","道具が人の行動をどう変えるか","F04 比較・選択・判断","エンジニア・開発者","採用・教育・働き始め 仕組み","採用・教育・働き始めについて、自分の生活や仕事に引き寄せて理解したい","「採用・教育・働き始めって、そういう見方があったのか」と人に送りたくなる","採用・教育・働き始めを、今日見直せる具体物に変える","道具ではなく、人の迷いと例外から見る","判断チャート","4","1","false","false","false","related hub; related article","900","86","2026-06","P3"
"A095","採用・教育・働き始めの失敗例を先に並べてみる","採用-教育-働き始めの失敗例を先に並べてみる-a095","published","P19","人はなぜ古い方法を使い続けるのか","F05 チェックリスト・テンプレート","技術に詳しくない事務担当者","採用・教育・働き始め 失敗","採用・教育・働き始めについて、自分の生活や仕事に引き寄せて理解したい","「採用・教育・働き始めって、そういう見方があったのか」と人に送りたくなる","採用・教育・働き始めを、今日見直せる具体物に変える","道具ではなく、人の迷いと例外から見る","チェックリスト","4","1","false","false","false","related hub; related article","900","86","2026-06","P3"
"A096","失敗・中止・やり直しは、誰のために続いているのか","失敗-中止-やり直しは-誰のために続いているのか-a096","published","P20","小さいことへ時間を使う意味","F06 無料ツール・計算機","チームやプロジェクトの責任者","失敗・中止・やり直し なぜ","失敗・中止・やり直しについて、自分の生活や仕事に引き寄せて理解したい","「失敗・中止・やり直しって、そういう見方があったのか」と人に送りたくなる","失敗・中止・やり直しを、今日見直せる具体物に変える","道具ではなく、人の迷いと例外から見る","会話台本","4","1","false","false","false","related hub; related article","900","86","2026-06","P3"
"A097","なぜ失敗・中止・やり直しは、少しだけ面倒なまま残るのか","なぜ失敗-中止-やり直しは-少しだけ面倒なまま残るのか-a097","published","P20","地域とテクノロジーの距離","F07 図鑑・データベース","NPO・ボランティア関係者","失敗・中止・やり直し 方法","失敗・中止・やり直しについて、自分の生活や仕事に引き寄せて理解したい","「失敗・中止・やり直しって、そういう見方があったのか」と人に送りたくなる","失敗・中止・やり直しを、今日見直せる具体物に変える","道具ではなく、人の迷いと例外から見る","観察メモ","4","1","false","false","false","related hub; related article","900","86","2026-06","P3"
"A098","失敗・中止・やり直しを一人で抱えないための小さな表","失敗-中止-やり直しを一人で抱えないための小さな表-a098","published","P20","人に頼ることと仕組みに頼ること","F09 密着・一日・現場ルポ","地方・田舎で暮らす人","失敗・中止・やり直し チェックリスト","失敗・中止・やり直しについて、自分の生活や仕事に引き寄せて理解したい","「失敗・中止・やり直しって、そういう見方があったのか」と人に送りたくなる","失敗・中止・やり直しを、今日見直せる具体物に変える","道具ではなく、人の迷いと例外から見る","判断チャート","4","1","false","false","false","related hub; related article","900","86","2026-06","P3"
"A099","失敗・中止・やり直しで最初に迷う場所を見取り図にする","失敗-中止-やり直しで最初に迷う場所を見取り図にする-a099","published","P20","記録することと忘れること","F10 制作ドキュメンタリー","家族や共同生活を運営する人","失敗・中止・やり直し 仕組み","失敗・中止・やり直しについて、自分の生活や仕事に引き寄せて理解したい","「失敗・中止・やり直しって、そういう見方があったのか」と人に送りたくなる","失敗・中止・やり直しを、今日見直せる具体物に変える","道具ではなく、人の迷いと例外から見る","チェックリスト","4","1","false","false","false","related hub; related article","900","86","2026-06","P3"
"A100","失敗・中止・やり直しの失敗例を先に並べてみる","失敗-中止-やり直しの失敗例を先に並べてみる-a100","published","P20","便利さとプライバシー","F11 エッセー・論考・問題提起","特定の目的なく面白い記事を読みたい一般読者","失敗・中止・やり直し 失敗","失敗・中止・やり直しについて、自分の生活や仕事に引き寄せて理解したい","「失敗・中止・やり直しって、そういう見方があったのか」と人に送りたくなる","失敗・中止・やり直しを、今日見直せる具体物に変える","道具ではなく、人の迷いと例外から見る","会話台本","4","1","true","false","false","related hub; related article","900","86","2026-06","P3"
"A101","個人事業・小さな商売は、誰のために続いているのか","個人事業-小さな商売は-誰のために続いているのか-a101","published","P21","子どもと大人で見える仕組みの違い","F12 データ記事・白書","中学生・高校生・高専生","個人事業・小さな商売 なぜ","個人事業・小さな商売について、自分の生活や仕事に引き寄せて理解したい","「個人事業・小さな商売って、そういう見方があったのか」と人に送りたくなる","個人事業・小さな商売を、今日見直せる具体物に変える","道具ではなく、人の迷いと例外から見る","観察メモ","4","1","false","false","false","related hub; related article","900","86","2026-06","P3"
"A102","なぜ個人事業・小さな商売は、少しだけ面倒なまま残るのか","なぜ個人事業-小さな商売は-少しだけ面倒なまま残るのか-a102","published","P21","一人の問題は社会の問題になり得るか","F13 実験・検証・対決","大学生","個人事業・小さな商売 方法","個人事業・小さな商売について、自分の生活や仕事に引き寄せて理解したい","「個人事業・小さな商売って、そういう見方があったのか」と人に送りたくなる","個人事業・小さな商売を、今日見直せる具体物に変える","道具ではなく、人の迷いと例外から見る","判断チャート","4","1","false","false","false","related hub; related article","900","86","2026-06","P3"
"A103","個人事業・小さな商売を一人で抱えないための小さな表","個人事業-小さな商売を一人で抱えないための小さな表-a103","published","P21","成功より失敗から何を学べるか","F14 ビジュアル解説","教員・学校職員","個人事業・小さな商売 チェックリスト","個人事業・小さな商売について、自分の生活や仕事に引き寄せて理解したい","「個人事業・小さな商売って、そういう見方があったのか」と人に送りたくなる","個人事業・小さな商売を、今日見直せる具体物に変える","道具ではなく、人の迷いと例外から見る","チェックリスト","4","1","false","false","true","related hub; related article","900","86","2026-06","P3"
"A104","個人事業・小さな商売で最初に迷う場所を見取り図にする","個人事業-小さな商売で最初に迷う場所を見取り図にする-a104","published","P21","無料で提供する範囲はどこまでか","F15 診断・クイズ","保護者・PTA","個人事業・小さな商売 仕組み","個人事業・小さな商売について、自分の生活や仕事に引き寄せて理解したい","「個人事業・小さな商売って、そういう見方があったのか」と人に送りたくなる","個人事業・小さな商売を、今日見直せる具体物に変える","道具ではなく、人の迷いと例外から見る","会話台本","4","1","false","false","false","related hub; related article","900","86","2026-06","P3"
"A105","個人事業・小さな商売の失敗例を先に並べてみる","個人事業-小さな商売の失敗例を先に並べてみる-a105","published","P21","仕事と生活を分けることは可能か","F16 投稿・Q&A・相談","町内会・自治会関係者","個人事業・小さな商売 失敗","個人事業・小さな商売について、自分の生活や仕事に引き寄せて理解したい","「個人事業・小さな商売って、そういう見方があったのか」と人に送りたくなる","個人事業・小さな商売を、今日見直せる具体物に変える","道具ではなく、人の迷いと例外から見る","観察メモ","4","1","false","false","false","related hub; related article","900","86","2026-06","P3"
"A106","店舗・商店・地域の店は、誰のために続いているのか","店舗-商店-地域の店は-誰のために続いているのか-a106","published","P22","効率化は常に正しいのか","F17 歴史・文化・由来","地域イベント運営者","店舗・商店・地域の店 なぜ","店舗・商店・地域の店について、自分の生活や仕事に引き寄せて理解したい","「店舗・商店・地域の店って、そういう見方があったのか」と人に送りたくなる","店舗・商店・地域の店を、今日見直せる具体物に変える","道具ではなく、人の迷いと例外から見る","判断チャート","4","1","false","false","false","related hub; related article","900","86","2026-06","P3"
"A107","なぜ店舗・商店・地域の店は、少しだけ面倒なまま残るのか","なぜ店舗-商店-地域の店は-少しだけ面倒なまま残るのか-a107","published","P22","不便には価値があるのか","F18 ニュース・トレンド分析","個人事業主","店舗・商店・地域の店 方法","店舗・商店・地域の店について、自分の生活や仕事に引き寄せて理解したい","「店舗・商店・地域の店って、そういう見方があったのか」と人に送りたくなる","店舗・商店・地域の店を、今日見直せる具体物に変える","道具ではなく、人の迷いと例外から見る","チェックリスト","4","1","false","false","false","related hub; related article","900","86","2026-06","P3"
"A108","店舗・商店・地域の店を一人で抱えないための小さな表","店舗-商店-地域の店を一人で抱えないための小さな表-a108","published","P22","誰にも評価されない仕事とは何か","F03 解説・仕組み","副業を始めたい人","店舗・商店・地域の店 チェックリスト","店舗・商店・地域の店について、自分の生活や仕事に引き寄せて理解したい","「店舗・商店・地域の店って、そういう見方があったのか」と人に送りたくなる","店舗・商店・地域の店を、今日見直せる具体物に変える","道具ではなく、人の迷いと例外から見る","会話台本","4","1","false","false","false","related hub; related article","900","86","2026-06","P3"
"A109","店舗・商店・地域の店で最初に迷う場所を見取り図にする","店舗-商店-地域の店で最初に迷う場所を見取り図にする-a109","published","P22","道具が人の行動をどう変えるか","F01 検索回答記事","小規模店舗の店主","店舗・商店・地域の店 仕組み","店舗・商店・地域の店について、自分の生活や仕事に引き寄せて理解したい","「店舗・商店・地域の店って、そういう見方があったのか」と人に送りたくなる","店舗・商店・地域の店を、今日見直せる具体物に変える","道具ではなく、人の迷いと例外から見る","観察メモ","4","1","false","false","false","related hub; related article","900","86","2026-06","P3"
"A110","店舗・商店・地域の店の失敗例を先に並べてみる","店舗-商店-地域の店の失敗例を先に並べてみる-a110","published","P22","人はなぜ古い方法を使い続けるのか","F02 手順・ハウツー","飲食店・キッチンカー運営者","店舗・商店・地域の店 失敗","店舗・商店・地域の店について、自分の生活や仕事に引き寄せて理解したい","「店舗・商店・地域の店って、そういう見方があったのか」と人に送りたくなる","店舗・商店・地域の店を、今日見直せる具体物に変える","道具ではなく、人の迷いと例外から見る","判断チャート","4","1","false","false","false","related hub; related article","900","86","2026-06","P3"
"A111","飲食店・キッチンカー・屋台は、誰のために続いているのか","飲食店-キッチンカー-屋台は-誰のために続いているのか-a111","published","P23","小さいことへ時間を使う意味","F03 解説・仕組み","サロン・教室運営者","飲食店・キッチンカー・屋台 なぜ","飲食店・キッチンカー・屋台について、自分の生活や仕事に引き寄せて理解したい","「飲食店・キッチンカー・屋台って、そういう見方があったのか」と人に送りたくなる","飲食店・キッチンカー・屋台を、今日見直せる具体物に変える","道具ではなく、人の迷いと例外から見る","チェックリスト","4","1","true","false","false","related hub; related article","900","86","2026-06","P3"
"A112","なぜ飲食店・キッチンカー・屋台は、少しだけ面倒なまま残るのか","なぜ飲食店-キッチンカー-屋台は-少しだけ面倒なまま残るのか-a112","published","P23","地域とテクノロジーの距離","F04 比較・選択・判断","民泊・観光関係者","飲食店・キッチンカー・屋台 方法","飲食店・キッチンカー・屋台について、自分の生活や仕事に引き寄せて理解したい","「飲食店・キッチンカー・屋台って、そういう見方があったのか」と人に送りたくなる","飲食店・キッチンカー・屋台を、今日見直せる具体物に変える","道具ではなく、人の迷いと例外から見る","会話台本","4","1","false","false","false","related hub; related article","900","86","2026-06","P3"
"A113","飲食店・キッチンカー・屋台を一人で抱えないための小さな表","飲食店-キッチンカー-屋台を一人で抱えないための小さな表-a113","published","P23","人に頼ることと仕組みに頼ること","F05 チェックリスト・テンプレート","フリーランス・クリエイター","飲食店・キッチンカー・屋台 チェックリスト","飲食店・キッチンカー・屋台について、自分の生活や仕事に引き寄せて理解したい","「飲食店・キッチンカー・屋台って、そういう見方があったのか」と人に送りたくなる","飲食店・キッチンカー・屋台を、今日見直せる具体物に変える","道具ではなく、人の迷いと例外から見る","観察メモ","4","1","false","false","false","related hub; related article","900","86","2026-06","P3"
"A114","飲食店・キッチンカー・屋台で最初に迷う場所を見取り図にする","飲食店-キッチンカー-屋台で最初に迷う場所を見取り図にする-a114","published","P23","記録することと忘れること","F06 無料ツール・計算機","エンジニア・開発者","飲食店・キッチンカー・屋台 仕組み","飲食店・キッチンカー・屋台について、自分の生活や仕事に引き寄せて理解したい","「飲食店・キッチンカー・屋台って、そういう見方があったのか」と人に送りたくなる","飲食店・キッチンカー・屋台を、今日見直せる具体物に変える","道具ではなく、人の迷いと例外から見る","判断チャート","4","1","false","false","false","related hub; related article","900","86","2026-06","P3"
"A115","飲食店・キッチンカー・屋台の失敗例を先に並べてみる","飲食店-キッチンカー-屋台の失敗例を先に並べてみる-a115","published","P23","便利さとプライバシー","F07 図鑑・データベース","技術に詳しくない事務担当者","飲食店・キッチンカー・屋台 失敗","飲食店・キッチンカー・屋台について、自分の生活や仕事に引き寄せて理解したい","「飲食店・キッチンカー・屋台って、そういう見方があったのか」と人に送りたくなる","飲食店・キッチンカー・屋台を、今日見直せる具体物に変える","道具ではなく、人の迷いと例外から見る","チェックリスト","4","1","false","false","false","related hub; related article","900","86","2026-06","P3"
"A116","サロン・教室・予約型事業は、誰のために続いているのか","サロン-教室-予約型事業は-誰のために続いているのか-a116","published","P24","子どもと大人で見える仕組みの違い","F09 密着・一日・現場ルポ","チームやプロジェクトの責任者","サロン・教室・予約型事業 なぜ","サロン・教室・予約型事業について、自分の生活や仕事に引き寄せて理解したい","「サロン・教室・予約型事業って、そういう見方があったのか」と人に送りたくなる","サロン・教室・予約型事業を、今日見直せる具体物に変える","道具ではなく、人の迷いと例外から見る","会話台本","4","1","false","false","false","related hub; related article","900","86","2026-06","P3"
"A117","なぜサロン・教室・予約型事業は、少しだけ面倒なまま残るのか","なぜサロン-教室-予約型事業は-少しだけ面倒なまま残るのか-a117","published","P24","一人の問題は社会の問題になり得るか","F10 制作ドキュメンタリー","NPO・ボランティア関係者","サロン・教室・予約型事業 方法","サロン・教室・予約型事業について、自分の生活や仕事に引き寄せて理解したい","「サロン・教室・予約型事業って、そういう見方があったのか」と人に送りたくなる","サロン・教室・予約型事業を、今日見直せる具体物に変える","道具ではなく、人の迷いと例外から見る","観察メモ","4","1","false","false","false","related hub; related article","900","86","2026-06","P3"
"A118","サロン・教室・予約型事業を一人で抱えないための小さな表","サロン-教室-予約型事業を一人で抱えないための小さな表-a118","published","P24","成功より失敗から何を学べるか","F11 エッセー・論考・問題提起","地方・田舎で暮らす人","サロン・教室・予約型事業 チェックリスト","サロン・教室・予約型事業について、自分の生活や仕事に引き寄せて理解したい","「サロン・教室・予約型事業って、そういう見方があったのか」と人に送りたくなる","サロン・教室・予約型事業を、今日見直せる具体物に変える","道具ではなく、人の迷いと例外から見る","判断チャート","4","1","false","false","false","related hub; related article","900","86","2026-06","P3"
"A119","サロン・教室・予約型事業で最初に迷う場所を見取り図にする","サロン-教室-予約型事業で最初に迷う場所を見取り図にする-a119","published","P24","無料で提供する範囲はどこまでか","F12 データ記事・白書","家族や共同生活を運営する人","サロン・教室・予約型事業 仕組み","サロン・教室・予約型事業について、自分の生活や仕事に引き寄せて理解したい","「サロン・教室・予約型事業って、そういう見方があったのか」と人に送りたくなる","サロン・教室・予約型事業を、今日見直せる具体物に変える","道具ではなく、人の迷いと例外から見る","チェックリスト","4","1","false","false","false","related hub; related article","900","86","2026-06","P3"
"A120","サロン・教室・予約型事業の失敗例を先に並べてみる","サロン-教室-予約型事業の失敗例を先に並べてみる-a120","published","P24","仕事と生活を分けることは可能か","F13 実験・検証・対決","特定の目的なく面白い記事を読みたい一般読者","サロン・教室・予約型事業 失敗","サロン・教室・予約型事業について、自分の生活や仕事に引き寄せて理解したい","「サロン・教室・予約型事業って、そういう見方があったのか」と人に送りたくなる","サロン・教室・予約型事業を、今日見直せる具体物に変える","道具ではなく、人の迷いと例外から見る","会話台本","4","1","false","false","true","related hub; related article","900","86","2026-06","P3"
"A121","民泊・宿・観光は、誰のために続いているのか","民泊-宿-観光は-誰のために続いているのか-a121","published","P25","効率化は常に正しいのか","F14 ビジュアル解説","中学生・高校生・高専生","民泊・宿・観光 なぜ","民泊・宿・観光について、自分の生活や仕事に引き寄せて理解したい","「民泊・宿・観光って、そういう見方があったのか」と人に送りたくなる","民泊・宿・観光を、今日見直せる具体物に変える","道具ではなく、人の迷いと例外から見る","観察メモ","4","1","false","false","false","related hub; related article","900","86","2026-06","P3"
"A122","なぜ民泊・宿・観光は、少しだけ面倒なまま残るのか","なぜ民泊-宿-観光は-少しだけ面倒なまま残るのか-a122","published","P25","不便には価値があるのか","F15 診断・クイズ","大学生","民泊・宿・観光 方法","民泊・宿・観光について、自分の生活や仕事に引き寄せて理解したい","「民泊・宿・観光って、そういう見方があったのか」と人に送りたくなる","民泊・宿・観光を、今日見直せる具体物に変える","道具ではなく、人の迷いと例外から見る","判断チャート","4","1","true","false","false","related hub; related article","900","86","2026-06","P3"
"A123","民泊・宿・観光を一人で抱えないための小さな表","民泊-宿-観光を一人で抱えないための小さな表-a123","published","P25","誰にも評価されない仕事とは何か","F16 投稿・Q&A・相談","教員・学校職員","民泊・宿・観光 チェックリスト","民泊・宿・観光について、自分の生活や仕事に引き寄せて理解したい","「民泊・宿・観光って、そういう見方があったのか」と人に送りたくなる","民泊・宿・観光を、今日見直せる具体物に変える","道具ではなく、人の迷いと例外から見る","チェックリスト","4","1","false","false","false","related hub; related article","900","86","2026-06","P3"
"A124","民泊・宿・観光で最初に迷う場所を見取り図にする","民泊-宿-観光で最初に迷う場所を見取り図にする-a124","published","P25","道具が人の行動をどう変えるか","F17 歴史・文化・由来","保護者・PTA","民泊・宿・観光 仕組み","民泊・宿・観光について、自分の生活や仕事に引き寄せて理解したい","「民泊・宿・観光って、そういう見方があったのか」と人に送りたくなる","民泊・宿・観光を、今日見直せる具体物に変える","道具ではなく、人の迷いと例外から見る","会話台本","4","1","false","false","false","related hub; related article","900","86","2026-06","P3"
"A125","民泊・宿・観光の失敗例を先に並べてみる","民泊-宿-観光の失敗例を先に並べてみる-a125","published","P25","人はなぜ古い方法を使い続けるのか","F18 ニュース・トレンド分析","町内会・自治会関係者","民泊・宿・観光 失敗","民泊・宿・観光について、自分の生活や仕事に引き寄せて理解したい","「民泊・宿・観光って、そういう見方があったのか」と人に送りたくなる","民泊・宿・観光を、今日見直せる具体物に変える","道具ではなく、人の迷いと例外から見る","観察メモ","4","1","false","false","false","related hub; related article","900","86","2026-06","P3"
"A126","お金・価格・会計は、誰のために続いているのか","お金-価格-会計は-誰のために続いているのか-a126","published","P26","小さいことへ時間を使う意味","F03 解説・仕組み","地域イベント運営者","お金・価格・会計 なぜ","お金・価格・会計について、自分の生活や仕事に引き寄せて理解したい","「お金・価格・会計って、そういう見方があったのか」と人に送りたくなる","お金・価格・会計を、今日見直せる具体物に変える","道具ではなく、人の迷いと例外から見る","判断チャート","4","1","false","false","false","related hub; related article","900","86","2026-06","P3"
"A127","なぜお金・価格・会計は、少しだけ面倒なまま残るのか","なぜお金-価格-会計は-少しだけ面倒なまま残るのか-a127","published","P26","地域とテクノロジーの距離","F01 検索回答記事","個人事業主","お金・価格・会計 方法","お金・価格・会計について、自分の生活や仕事に引き寄せて理解したい","「お金・価格・会計って、そういう見方があったのか」と人に送りたくなる","お金・価格・会計を、今日見直せる具体物に変える","道具ではなく、人の迷いと例外から見る","チェックリスト","4","1","false","false","false","related hub; related article","900","86","2026-06","P3"
"A128","お金・価格・会計を一人で抱えないための小さな表","お金-価格-会計を一人で抱えないための小さな表-a128","published","P26","人に頼ることと仕組みに頼ること","F02 手順・ハウツー","副業を始めたい人","お金・価格・会計 チェックリスト","お金・価格・会計について、自分の生活や仕事に引き寄せて理解したい","「お金・価格・会計って、そういう見方があったのか」と人に送りたくなる","お金・価格・会計を、今日見直せる具体物に変える","道具ではなく、人の迷いと例外から見る","会話台本","4","1","false","false","false","related hub; related article","900","86","2026-06","P3"
"A129","お金・価格・会計で最初に迷う場所を見取り図にする","お金-価格-会計で最初に迷う場所を見取り図にする-a129","published","P26","記録することと忘れること","F03 解説・仕組み","小規模店舗の店主","お金・価格・会計 仕組み","お金・価格・会計について、自分の生活や仕事に引き寄せて理解したい","「お金・価格・会計って、そういう見方があったのか」と人に送りたくなる","お金・価格・会計を、今日見直せる具体物に変える","道具ではなく、人の迷いと例外から見る","観察メモ","4","1","false","false","false","related hub; related article","900","86","2026-06","P3"
"A130","お金・価格・会計の失敗例を先に並べてみる","お金-価格-会計の失敗例を先に並べてみる-a130","published","P26","便利さとプライバシー","F04 比較・選択・判断","飲食店・キッチンカー運営者","お金・価格・会計 失敗","お金・価格・会計について、自分の生活や仕事に引き寄せて理解したい","「お金・価格・会計って、そういう見方があったのか」と人に送りたくなる","お金・価格・会計を、今日見直せる具体物に変える","道具ではなく、人の迷いと例外から見る","判断チャート","4","1","false","false","false","related hub; related article","900","86","2026-06","P3"
"A131","販売・広報・マーケティングは、誰のために続いているのか","販売-広報-マーケティングは-誰のために続いているのか-a131","published","P27","子どもと大人で見える仕組みの違い","F05 チェックリスト・テンプレート","サロン・教室運営者","販売・広報・マーケティング なぜ","販売・広報・マーケティングについて、自分の生活や仕事に引き寄せて理解したい","「販売・広報・マーケティングって、そういう見方があったのか」と人に送りたくなる","販売・広報・マーケティングを、今日見直せる具体物に変える","道具ではなく、人の迷いと例外から見る","チェックリスト","4","1","false","false","false","related hub; related article","900","86","2026-06","P3"
"A132","なぜ販売・広報・マーケティングは、少しだけ面倒なまま残るのか","なぜ販売-広報-マーケティングは-少しだけ面倒なまま残るのか-a132","published","P27","一人の問題は社会の問題になり得るか","F06 無料ツール・計算機","民泊・観光関係者","販売・広報・マーケティング 方法","販売・広報・マーケティングについて、自分の生活や仕事に引き寄せて理解したい","「販売・広報・マーケティングって、そういう見方があったのか」と人に送りたくなる","販売・広報・マーケティングを、今日見直せる具体物に変える","道具ではなく、人の迷いと例外から見る","会話台本","4","1","false","false","false","related hub; related article","900","86","2026-06","P3"
"A133","販売・広報・マーケティングを一人で抱えないための小さな表","販売-広報-マーケティングを一人で抱えないための小さな表-a133","published","P27","成功より失敗から何を学べるか","F07 図鑑・データベース","フリーランス・クリエイター","販売・広報・マーケティング チェックリスト","販売・広報・マーケティングについて、自分の生活や仕事に引き寄せて理解したい","「販売・広報・マーケティングって、そういう見方があったのか」と人に送りたくなる","販売・広報・マーケティングを、今日見直せる具体物に変える","道具ではなく、人の迷いと例外から見る","観察メモ","4","1","true","false","false","related hub; related article","900","86","2026-06","P3"
"A134","販売・広報・マーケティングで最初に迷う場所を見取り図にする","販売-広報-マーケティングで最初に迷う場所を見取り図にする-a134","published","P27","無料で提供する範囲はどこまでか","F09 密着・一日・現場ルポ","エンジニア・開発者","販売・広報・マーケティング 仕組み","販売・広報・マーケティングについて、自分の生活や仕事に引き寄せて理解したい","「販売・広報・マーケティングって、そういう見方があったのか」と人に送りたくなる","販売・広報・マーケティングを、今日見直せる具体物に変える","道具ではなく、人の迷いと例外から見る","判断チャート","4","1","false","false","false","related hub; related article","900","86","2026-06","P3"
"A135","販売・広報・マーケティングの失敗例を先に並べてみる","販売-広報-マーケティングの失敗例を先に並べてみる-a135","published","P27","仕事と生活を分けることは可能か","F10 制作ドキュメンタリー","技術に詳しくない事務担当者","販売・広報・マーケティング 失敗","販売・広報・マーケティングについて、自分の生活や仕事に引き寄せて理解したい","「販売・広報・マーケティングって、そういう見方があったのか」と人に送りたくなる","販売・広報・マーケティングを、今日見直せる具体物に変える","道具ではなく、人の迷いと例外から見る","チェックリスト","4","1","false","false","false","related hub; related article","900","86","2026-06","P3"
"A136","町内会・自治会・PTAは、誰のために続いているのか","町内会-自治会-ptaは-誰のために続いているのか-a136","published","P28","効率化は常に正しいのか","F11 エッセー・論考・問題提起","チームやプロジェクトの責任者","町内会・自治会・PTA なぜ","町内会・自治会・PTAについて、自分の生活や仕事に引き寄せて理解したい","「町内会・自治会・PTAって、そういう見方があったのか」と人に送りたくなる","町内会・自治会・PTAを、今日見直せる具体物に変える","道具ではなく、人の迷いと例外から見る","会話台本","4","1","false","false","false","related hub; related article","900","86","2026-06","P3"
"A137","なぜ町内会・自治会・PTAは、少しだけ面倒なまま残るのか","なぜ町内会-自治会-ptaは-少しだけ面倒なまま残るのか-a137","published","P28","不便には価値があるのか","F12 データ記事・白書","NPO・ボランティア関係者","町内会・自治会・PTA 方法","町内会・自治会・PTAについて、自分の生活や仕事に引き寄せて理解したい","「町内会・自治会・PTAって、そういう見方があったのか」と人に送りたくなる","町内会・自治会・PTAを、今日見直せる具体物に変える","道具ではなく、人の迷いと例外から見る","観察メモ","4","1","false","false","true","related hub; related article","900","86","2026-06","P3"
"A138","町内会・自治会・PTAを一人で抱えないための小さな表","町内会-自治会-ptaを一人で抱えないための小さな表-a138","published","P28","誰にも評価されない仕事とは何か","F13 実験・検証・対決","地方・田舎で暮らす人","町内会・自治会・PTA チェックリスト","町内会・自治会・PTAについて、自分の生活や仕事に引き寄せて理解したい","「町内会・自治会・PTAって、そういう見方があったのか」と人に送りたくなる","町内会・自治会・PTAを、今日見直せる具体物に変える","道具ではなく、人の迷いと例外から見る","判断チャート","4","1","false","false","false","related hub; related article","900","86","2026-06","P3"
"A139","町内会・自治会・PTAで最初に迷う場所を見取り図にする","町内会-自治会-ptaで最初に迷う場所を見取り図にする-a139","published","P28","道具が人の行動をどう変えるか","F14 ビジュアル解説","家族や共同生活を運営する人","町内会・自治会・PTA 仕組み","町内会・自治会・PTAについて、自分の生活や仕事に引き寄せて理解したい","「町内会・自治会・PTAって、そういう見方があったのか」と人に送りたくなる","町内会・自治会・PTAを、今日見直せる具体物に変える","道具ではなく、人の迷いと例外から見る","チェックリスト","4","1","false","false","false","related hub; related article","900","86","2026-06","P3"
"A140","町内会・自治会・PTAの失敗例を先に並べてみる","町内会-自治会-ptaの失敗例を先に並べてみる-a140","published","P28","人はなぜ古い方法を使い続けるのか","F15 診断・クイズ","特定の目的なく面白い記事を読みたい一般読者","町内会・自治会・PTA 失敗","町内会・自治会・PTAについて、自分の生活や仕事に引き寄せて理解したい","「町内会・自治会・PTAって、そういう見方があったのか」と人に送りたくなる","町内会・自治会・PTAを、今日見直せる具体物に変える","道具ではなく、人の迷いと例外から見る","会話台本","4","1","false","false","false","related hub; related article","900","86","2026-06","P3"
"A141","地域イベント・祭り・ボランティアは、誰のために続いているのか","地域イベント-祭り-ボランティアは-誰のために続いているのか-a141","published","P29","小さいことへ時間を使う意味","F16 投稿・Q&A・相談","中学生・高校生・高専生","地域イベント・祭り・ボランティア なぜ","地域イベント・祭り・ボランティアについて、自分の生活や仕事に引き寄せて理解したい","「地域イベント・祭り・ボランティアって、そういう見方があったのか」と人に送りたくなる","地域イベント・祭り・ボランティアを、今日見直せる具体物に変える","道具ではなく、人の迷いと例外から見る","観察メモ","4","1","false","false","false","related hub; related article","900","86","2026-06","P3"
"A142","なぜ地域イベント・祭り・ボランティアは、少しだけ面倒なまま残るのか","なぜ地域イベント-祭り-ボランティアは-少しだけ面倒なまま残るのか-a142","published","P29","地域とテクノロジーの距離","F17 歴史・文化・由来","大学生","地域イベント・祭り・ボランティア 方法","地域イベント・祭り・ボランティアについて、自分の生活や仕事に引き寄せて理解したい","「地域イベント・祭り・ボランティアって、そういう見方があったのか」と人に送りたくなる","地域イベント・祭り・ボランティアを、今日見直せる具体物に変える","道具ではなく、人の迷いと例外から見る","判断チャート","4","1","false","false","false","related hub; related article","900","86","2026-06","P3"
"A143","地域イベント・祭り・ボランティアを一人で抱えないための小さな表","地域イベント-祭り-ボランティアを一人で抱えないための小さな表-a143","published","P29","人に頼ることと仕組みに頼ること","F18 ニュース・トレンド分析","教員・学校職員","地域イベント・祭り・ボランティア チェックリスト","地域イベント・祭り・ボランティアについて、自分の生活や仕事に引き寄せて理解したい","「地域イベント・祭り・ボランティアって、そういう見方があったのか」と人に送りたくなる","地域イベント・祭り・ボランティアを、今日見直せる具体物に変える","道具ではなく、人の迷いと例外から見る","チェックリスト","4","1","false","false","false","related hub; related article","900","86","2026-06","P3"
"A144","地域イベント・祭り・ボランティアで最初に迷う場所を見取り図にする","地域イベント-祭り-ボランティアで最初に迷う場所を見取り図にする-a144","published","P29","記録することと忘れること","F03 解説・仕組み","保護者・PTA","地域イベント・祭り・ボランティア 仕組み","地域イベント・祭り・ボランティアについて、自分の生活や仕事に引き寄せて理解したい","「地域イベント・祭り・ボランティアって、そういう見方があったのか」と人に送りたくなる","地域イベント・祭り・ボランティアを、今日見直せる具体物に変える","道具ではなく、人の迷いと例外から見る","会話台本","4","1","true","false","false","related hub; related article","900","86","2026-06","P3"
"A145","地域イベント・祭り・ボランティアの失敗例を先に並べてみる","地域イベント-祭り-ボランティアの失敗例を先に並べてみる-a145","published","P29","便利さとプライバシー","F01 検索回答記事","町内会・自治会関係者","地域イベント・祭り・ボランティア 失敗","地域イベント・祭り・ボランティアについて、自分の生活や仕事に引き寄せて理解したい","「地域イベント・祭り・ボランティアって、そういう見方があったのか」と人に送りたくなる","地域イベント・祭り・ボランティアを、今日見直せる具体物に変える","道具ではなく、人の迷いと例外から見る","観察メモ","4","1","false","false","false","related hub; related article","900","86","2026-06","P3"
"A146","田舎・地方・小さな町は、誰のために続いているのか","田舎-地方-小さな町は-誰のために続いているのか-a146","published","P30","子どもと大人で見える仕組みの違い","F02 手順・ハウツー","地域イベント運営者","田舎・地方・小さな町 なぜ","田舎・地方・小さな町について、自分の生活や仕事に引き寄せて理解したい","「田舎・地方・小さな町って、そういう見方があったのか」と人に送りたくなる","田舎・地方・小さな町を、今日見直せる具体物に変える","道具ではなく、人の迷いと例外から見る","判断チャート","4","1","false","false","false","related hub; related article","900","86","2026-06","P3"
"A147","なぜ田舎・地方・小さな町は、少しだけ面倒なまま残るのか","なぜ田舎-地方-小さな町は-少しだけ面倒なまま残るのか-a147","published","P30","一人の問題は社会の問題になり得るか","F03 解説・仕組み","個人事業主","田舎・地方・小さな町 方法","田舎・地方・小さな町について、自分の生活や仕事に引き寄せて理解したい","「田舎・地方・小さな町って、そういう見方があったのか」と人に送りたくなる","田舎・地方・小さな町を、今日見直せる具体物に変える","道具ではなく、人の迷いと例外から見る","チェックリスト","4","1","false","false","false","related hub; related article","900","86","2026-06","P3"
"A148","田舎・地方・小さな町を一人で抱えないための小さな表","田舎-地方-小さな町を一人で抱えないための小さな表-a148","published","P30","成功より失敗から何を学べるか","F04 比較・選択・判断","副業を始めたい人","田舎・地方・小さな町 チェックリスト","田舎・地方・小さな町について、自分の生活や仕事に引き寄せて理解したい","「田舎・地方・小さな町って、そういう見方があったのか」と人に送りたくなる","田舎・地方・小さな町を、今日見直せる具体物に変える","道具ではなく、人の迷いと例外から見る","会話台本","4","1","false","false","false","related hub; related article","900","86","2026-06","P3"
"A149","田舎・地方・小さな町で最初に迷う場所を見取り図にする","田舎-地方-小さな町で最初に迷う場所を見取り図にする-a149","published","P30","無料で提供する範囲はどこまでか","F05 チェックリスト・テンプレート","小規模店舗の店主","田舎・地方・小さな町 仕組み","田舎・地方・小さな町について、自分の生活や仕事に引き寄せて理解したい","「田舎・地方・小さな町って、そういう見方があったのか」と人に送りたくなる","田舎・地方・小さな町を、今日見直せる具体物に変える","道具ではなく、人の迷いと例外から見る","観察メモ","4","1","false","false","false","related hub; related article","900","86","2026-06","P3"
"A150","田舎・地方・小さな町の失敗例を先に並べてみる","田舎-地方-小さな町の失敗例を先に並べてみる-a150","published","P30","仕事と生活を分けることは可能か","F06 無料ツール・計算機","飲食店・キッチンカー運営者","田舎・地方・小さな町 失敗","田舎・地方・小さな町について、自分の生活や仕事に引き寄せて理解したい","「田舎・地方・小さな町って、そういう見方があったのか」と人に送りたくなる","田舎・地方・小さな町を、今日見直せる具体物に変える","道具ではなく、人の迷いと例外から見る","判断チャート","4","1","false","false","false","related hub; related article","900","86","2026-06","P3"
"A151","公共・福祉・支え合いは、誰のために続いているのか","公共-福祉-支え合いは-誰のために続いているのか-a151","published","P31","効率化は常に正しいのか","F07 図鑑・データベース","サロン・教室運営者","公共・福祉・支え合い なぜ","公共・福祉・支え合いについて、自分の生活や仕事に引き寄せて理解したい","「公共・福祉・支え合いって、そういう見方があったのか」と人に送りたくなる","公共・福祉・支え合いを、今日見直せる具体物に変える","道具ではなく、人の迷いと例外から見る","チェックリスト","4","1","false","false","false","related hub; related article","900","86","2026-06","P3"
"A152","なぜ公共・福祉・支え合いは、少しだけ面倒なまま残るのか","なぜ公共-福祉-支え合いは-少しだけ面倒なまま残るのか-a152","published","P31","不便には価値があるのか","F09 密着・一日・現場ルポ","民泊・観光関係者","公共・福祉・支え合い 方法","公共・福祉・支え合いについて、自分の生活や仕事に引き寄せて理解したい","「公共・福祉・支え合いって、そういう見方があったのか」と人に送りたくなる","公共・福祉・支え合いを、今日見直せる具体物に変える","道具ではなく、人の迷いと例外から見る","会話台本","4","1","false","false","false","related hub; related article","900","86","2026-06","P3"
"A153","公共・福祉・支え合いを一人で抱えないための小さな表","公共-福祉-支え合いを一人で抱えないための小さな表-a153","published","P31","誰にも評価されない仕事とは何か","F10 制作ドキュメンタリー","フリーランス・クリエイター","公共・福祉・支え合い チェックリスト","公共・福祉・支え合いについて、自分の生活や仕事に引き寄せて理解したい","「公共・福祉・支え合いって、そういう見方があったのか」と人に送りたくなる","公共・福祉・支え合いを、今日見直せる具体物に変える","道具ではなく、人の迷いと例外から見る","観察メモ","4","1","false","false","false","related hub; related article","900","86","2026-06","P3"
"A154","公共・福祉・支え合いで最初に迷う場所を見取り図にする","公共-福祉-支え合いで最初に迷う場所を見取り図にする-a154","published","P31","道具が人の行動をどう変えるか","F11 エッセー・論考・問題提起","エンジニア・開発者","公共・福祉・支え合い 仕組み","公共・福祉・支え合いについて、自分の生活や仕事に引き寄せて理解したい","「公共・福祉・支え合いって、そういう見方があったのか」と人に送りたくなる","公共・福祉・支え合いを、今日見直せる具体物に変える","道具ではなく、人の迷いと例外から見る","判断チャート","4","1","false","false","true","related hub; related article","900","86","2026-06","P3"
"A155","公共・福祉・支え合いの失敗例を先に並べてみる","公共-福祉-支え合いの失敗例を先に並べてみる-a155","published","P31","人はなぜ古い方法を使い続けるのか","F12 データ記事・白書","技術に詳しくない事務担当者","公共・福祉・支え合い 失敗","公共・福祉・支え合いについて、自分の生活や仕事に引き寄せて理解したい","「公共・福祉・支え合いって、そういう見方があったのか」と人に送りたくなる","公共・福祉・支え合いを、今日見直せる具体物に変える","道具ではなく、人の迷いと例外から見る","チェックリスト","4","1","true","false","false","related hub; related article","900","86","2026-06","P3"
"A156","環境・修理・再利用は、誰のために続いているのか","環境-修理-再利用は-誰のために続いているのか-a156","published","P32","小さいことへ時間を使う意味","F13 実験・検証・対決","チームやプロジェクトの責任者","環境・修理・再利用 なぜ","環境・修理・再利用について、自分の生活や仕事に引き寄せて理解したい","「環境・修理・再利用って、そういう見方があったのか」と人に送りたくなる","環境・修理・再利用を、今日見直せる具体物に変える","道具ではなく、人の迷いと例外から見る","会話台本","4","1","false","false","false","related hub; related article","900","86","2026-06","P3"
"A157","なぜ環境・修理・再利用は、少しだけ面倒なまま残るのか","なぜ環境-修理-再利用は-少しだけ面倒なまま残るのか-a157","published","P32","地域とテクノロジーの距離","F14 ビジュアル解説","NPO・ボランティア関係者","環境・修理・再利用 方法","環境・修理・再利用について、自分の生活や仕事に引き寄せて理解したい","「環境・修理・再利用って、そういう見方があったのか」と人に送りたくなる","環境・修理・再利用を、今日見直せる具体物に変える","道具ではなく、人の迷いと例外から見る","観察メモ","4","1","false","false","false","related hub; related article","900","86","2026-06","P3"
"A158","環境・修理・再利用を一人で抱えないための小さな表","環境-修理-再利用を一人で抱えないための小さな表-a158","published","P32","人に頼ることと仕組みに頼ること","F15 診断・クイズ","地方・田舎で暮らす人","環境・修理・再利用 チェックリスト","環境・修理・再利用について、自分の生活や仕事に引き寄せて理解したい","「環境・修理・再利用って、そういう見方があったのか」と人に送りたくなる","環境・修理・再利用を、今日見直せる具体物に変える","道具ではなく、人の迷いと例外から見る","判断チャート","4","1","false","false","false","related hub; related article","900","86","2026-06","P3"
"A159","環境・修理・再利用で最初に迷う場所を見取り図にする","環境-修理-再利用で最初に迷う場所を見取り図にする-a159","published","P32","記録することと忘れること","F16 投稿・Q&A・相談","家族や共同生活を運営する人","環境・修理・再利用 仕組み","環境・修理・再利用について、自分の生活や仕事に引き寄せて理解したい","「環境・修理・再利用って、そういう見方があったのか」と人に送りたくなる","環境・修理・再利用を、今日見直せる具体物に変える","道具ではなく、人の迷いと例外から見る","チェックリスト","4","1","false","false","false","related hub; related article","900","86","2026-06","P3"
"A160","環境・修理・再利用の失敗例を先に並べてみる","環境-修理-再利用の失敗例を先に並べてみる-a160","published","P32","便利さとプライバシー","F17 歴史・文化・由来","特定の目的なく面白い記事を読みたい一般読者","環境・修理・再利用 失敗","環境・修理・再利用について、自分の生活や仕事に引き寄せて理解したい","「環境・修理・再利用って、そういう見方があったのか」と人に送りたくなる","環境・修理・再利用を、今日見直せる具体物に変える","道具ではなく、人の迷いと例外から見る","会話台本","4","1","false","false","false","related hub; related article","900","86","2026-06","P3"
"A161","身近なテクノロジーは、誰のために続いているのか","身近なテクノロジーは-誰のために続いているのか-a161","published","P33","子どもと大人で見える仕組みの違い","F18 ニュース・トレンド分析","中学生・高校生・高専生","身近なテクノロジー なぜ","身近なテクノロジーについて、自分の生活や仕事に引き寄せて理解したい","「身近なテクノロジーって、そういう見方があったのか」と人に送りたくなる","身近なテクノロジーを、今日見直せる具体物に変える","道具ではなく、人の迷いと例外から見る","観察メモ","4","1","false","false","false","related hub; related article","900","86","2026-06","P3"
"A162","なぜ身近なテクノロジーは、少しだけ面倒なまま残るのか","なぜ身近なテクノロジーは-少しだけ面倒なまま残るのか-a162","published","P33","一人の問題は社会の問題になり得るか","F03 解説・仕組み","大学生","身近なテクノロジー 方法","身近なテクノロジーについて、自分の生活や仕事に引き寄せて理解したい","「身近なテクノロジーって、そういう見方があったのか」と人に送りたくなる","身近なテクノロジーを、今日見直せる具体物に変える","道具ではなく、人の迷いと例外から見る","判断チャート","4","1","false","false","false","related hub; related article","900","86","2026-06","P3"
"A163","身近なテクノロジーを一人で抱えないための小さな表","身近なテクノロジーを一人で抱えないための小さな表-a163","published","P33","成功より失敗から何を学べるか","F01 検索回答記事","教員・学校職員","身近なテクノロジー チェックリスト","身近なテクノロジーについて、自分の生活や仕事に引き寄せて理解したい","「身近なテクノロジーって、そういう見方があったのか」と人に送りたくなる","身近なテクノロジーを、今日見直せる具体物に変える","道具ではなく、人の迷いと例外から見る","チェックリスト","4","1","false","false","false","related hub; related article","900","86","2026-06","P3"
"A164","身近なテクノロジーで最初に迷う場所を見取り図にする","身近なテクノロジーで最初に迷う場所を見取り図にする-a164","published","P33","無料で提供する範囲はどこまでか","F02 手順・ハウツー","保護者・PTA","身近なテクノロジー 仕組み","身近なテクノロジーについて、自分の生活や仕事に引き寄せて理解したい","「身近なテクノロジーって、そういう見方があったのか」と人に送りたくなる","身近なテクノロジーを、今日見直せる具体物に変える","道具ではなく、人の迷いと例外から見る","会話台本","4","1","false","false","false","related hub; related article","900","86","2026-06","P3"
"A165","身近なテクノロジーの失敗例を先に並べてみる","身近なテクノロジーの失敗例を先に並べてみる-a165","published","P33","仕事と生活を分けることは可能か","F03 解説・仕組み","町内会・自治会関係者","身近なテクノロジー 失敗","身近なテクノロジーについて、自分の生活や仕事に引き寄せて理解したい","「身近なテクノロジーって、そういう見方があったのか」と人に送りたくなる","身近なテクノロジーを、今日見直せる具体物に変える","道具ではなく、人の迷いと例外から見る","観察メモ","4","1","false","false","false","related hub; related article","900","86","2026-06","P3"
"A166","AIと人間は、誰のために続いているのか","aiと人間は-誰のために続いているのか-a166","published","P34","効率化は常に正しいのか","F04 比較・選択・判断","地域イベント運営者","AIと人間 なぜ","AIと人間について、自分の生活や仕事に引き寄せて理解したい","「AIと人間って、そういう見方があったのか」と人に送りたくなる","AIと人間を、今日見直せる具体物に変える","道具ではなく、人の迷いと例外から見る","判断チャート","4","1","true","false","false","related hub; related article","900","86","2026-06","P3"
"A167","なぜAIと人間は、少しだけ面倒なまま残るのか","なぜaiと人間は-少しだけ面倒なまま残るのか-a167","published","P34","不便には価値があるのか","F05 チェックリスト・テンプレート","個人事業主","AIと人間 方法","AIと人間について、自分の生活や仕事に引き寄せて理解したい","「AIと人間って、そういう見方があったのか」と人に送りたくなる","AIと人間を、今日見直せる具体物に変える","道具ではなく、人の迷いと例外から見る","チェックリスト","4","1","false","false","false","related hub; related article","900","86","2026-06","P3"
"A168","AIと人間を一人で抱えないための小さな表","aiと人間を一人で抱えないための小さな表-a168","published","P34","誰にも評価されない仕事とは何か","F06 無料ツール・計算機","副業を始めたい人","AIと人間 チェックリスト","AIと人間について、自分の生活や仕事に引き寄せて理解したい","「AIと人間って、そういう見方があったのか」と人に送りたくなる","AIと人間を、今日見直せる具体物に変える","道具ではなく、人の迷いと例外から見る","会話台本","4","1","false","false","false","related hub; related article","900","86","2026-06","P3"
"A169","AIと人間で最初に迷う場所を見取り図にする","aiと人間で最初に迷う場所を見取り図にする-a169","published","P34","道具が人の行動をどう変えるか","F07 図鑑・データベース","小規模店舗の店主","AIと人間 仕組み","AIと人間について、自分の生活や仕事に引き寄せて理解したい","「AIと人間って、そういう見方があったのか」と人に送りたくなる","AIと人間を、今日見直せる具体物に変える","道具ではなく、人の迷いと例外から見る","観察メモ","4","1","false","false","false","related hub; related article","900","86","2026-06","P3"
"A170","AIと人間の失敗例を先に並べてみる","aiと人間の失敗例を先に並べてみる-a170","published","P34","人はなぜ古い方法を使い続けるのか","F09 密着・一日・現場ルポ","飲食店・キッチンカー運営者","AIと人間 失敗","AIと人間について、自分の生活や仕事に引き寄せて理解したい","「AIと人間って、そういう見方があったのか」と人に送りたくなる","AIと人間を、今日見直せる具体物に変える","道具ではなく、人の迷いと例外から見る","判断チャート","4","1","false","false","false","related hub; related article","900","86","2026-06","P3"
"A171","Excel・紙・LINEなどの道具文化は、誰のために続いているのか","excel-紙-lineなどの道具文化は-誰のために続いているのか-a171","published","P35","小さいことへ時間を使う意味","F10 制作ドキュメンタリー","サロン・教室運営者","Excel・紙・LINEなどの道具文化 なぜ","Excel・紙・LINEなどの道具文化について、自分の生活や仕事に引き寄せて理解したい","「Excel・紙・LINEなどの道具文化って、そういう見方があったのか」と人に送りたくなる","Excel・紙・LINEなどの道具文化を、今日見直せる具体物に変える","道具ではなく、人の迷いと例外から見る","チェックリスト","4","1","false","false","true","related hub; related article","900","86","2026-06","P3"
"A172","なぜExcel・紙・LINEなどの道具文化は、少しだけ面倒なまま残るのか","なぜexcel-紙-lineなどの道具文化は-少しだけ面倒なまま残るのか-a172","published","P35","地域とテクノロジーの距離","F11 エッセー・論考・問題提起","民泊・観光関係者","Excel・紙・LINEなどの道具文化 方法","Excel・紙・LINEなどの道具文化について、自分の生活や仕事に引き寄せて理解したい","「Excel・紙・LINEなどの道具文化って、そういう見方があったのか」と人に送りたくなる","Excel・紙・LINEなどの道具文化を、今日見直せる具体物に変える","道具ではなく、人の迷いと例外から見る","会話台本","4","1","false","false","false","related hub; related article","900","86","2026-06","P3"
"A173","Excel・紙・LINEなどの道具文化を一人で抱えないための小さな表","excel-紙-lineなどの道具文化を一人で抱えないための小さな表-a173","published","P35","人に頼ることと仕組みに頼ること","F12 データ記事・白書","フリーランス・クリエイター","Excel・紙・LINEなどの道具文化 チェックリスト","Excel・紙・LINEなどの道具文化について、自分の生活や仕事に引き寄せて理解したい","「Excel・紙・LINEなどの道具文化って、そういう見方があったのか」と人に送りたくなる","Excel・紙・LINEなどの道具文化を、今日見直せる具体物に変える","道具ではなく、人の迷いと例外から見る","観察メモ","4","1","false","false","false","related hub; related article","900","86","2026-06","P3"
"A174","Excel・紙・LINEなどの道具文化で最初に迷う場所を見取り図にする","excel-紙-lineなどの道具文化で最初に迷う場所を見取り図にする-a174","published","P35","記録することと忘れること","F13 実験・検証・対決","エンジニア・開発者","Excel・紙・LINEなどの道具文化 仕組み","Excel・紙・LINEなどの道具文化について、自分の生活や仕事に引き寄せて理解したい","「Excel・紙・LINEなどの道具文化って、そういう見方があったのか」と人に送りたくなる","Excel・紙・LINEなどの道具文化を、今日見直せる具体物に変える","道具ではなく、人の迷いと例外から見る","判断チャート","4","1","false","false","false","related hub; related article","900","86","2026-06","P3"
"A175","Excel・紙・LINEなどの道具文化の失敗例を先に並べてみる","excel-紙-lineなどの道具文化の失敗例を先に並べてみる-a175","published","P35","便利さとプライバシー","F14 ビジュアル解説","技術に詳しくない事務担当者","Excel・紙・LINEなどの道具文化 失敗","Excel・紙・LINEなどの道具文化について、自分の生活や仕事に引き寄せて理解したい","「Excel・紙・LINEなどの道具文化って、そういう見方があったのか」と人に送りたくなる","Excel・紙・LINEなどの道具文化を、今日見直せる具体物に変える","道具ではなく、人の迷いと例外から見る","チェックリスト","4","1","false","false","false","related hub; related article","900","86","2026-06","P3"
"A176","アプリ・Web・ノーコードは、誰のために続いているのか","アプリ-web-ノーコードは-誰のために続いているのか-a176","published","P36","子どもと大人で見える仕組みの違い","F15 診断・クイズ","チームやプロジェクトの責任者","アプリ・Web・ノーコード なぜ","アプリ・Web・ノーコードについて、自分の生活や仕事に引き寄せて理解したい","「アプリ・Web・ノーコードって、そういう見方があったのか」と人に送りたくなる","アプリ・Web・ノーコードを、今日見直せる具体物に変える","道具ではなく、人の迷いと例外から見る","会話台本","4","1","false","false","false","related hub; related article","900","86","2026-06","P3"
"A177","なぜアプリ・Web・ノーコードは、少しだけ面倒なまま残るのか","なぜアプリ-web-ノーコードは-少しだけ面倒なまま残るのか-a177","published","P36","一人の問題は社会の問題になり得るか","F16 投稿・Q&A・相談","NPO・ボランティア関係者","アプリ・Web・ノーコード 方法","アプリ・Web・ノーコードについて、自分の生活や仕事に引き寄せて理解したい","「アプリ・Web・ノーコードって、そういう見方があったのか」と人に送りたくなる","アプリ・Web・ノーコードを、今日見直せる具体物に変える","道具ではなく、人の迷いと例外から見る","観察メモ","4","1","true","false","false","related hub; related article","900","86","2026-06","P3"
"A178","アプリ・Web・ノーコードを一人で抱えないための小さな表","アプリ-web-ノーコードを一人で抱えないための小さな表-a178","published","P36","成功より失敗から何を学べるか","F17 歴史・文化・由来","地方・田舎で暮らす人","アプリ・Web・ノーコード チェックリスト","アプリ・Web・ノーコードについて、自分の生活や仕事に引き寄せて理解したい","「アプリ・Web・ノーコードって、そういう見方があったのか」と人に送りたくなる","アプリ・Web・ノーコードを、今日見直せる具体物に変える","道具ではなく、人の迷いと例外から見る","判断チャート","4","1","false","false","false","related hub; related article","900","86","2026-06","P3"
"A179","アプリ・Web・ノーコードで最初に迷う場所を見取り図にする","アプリ-web-ノーコードで最初に迷う場所を見取り図にする-a179","published","P36","無料で提供する範囲はどこまでか","F18 ニュース・トレンド分析","家族や共同生活を運営する人","アプリ・Web・ノーコード 仕組み","アプリ・Web・ノーコードについて、自分の生活や仕事に引き寄せて理解したい","「アプリ・Web・ノーコードって、そういう見方があったのか」と人に送りたくなる","アプリ・Web・ノーコードを、今日見直せる具体物に変える","道具ではなく、人の迷いと例外から見る","チェックリスト","4","1","false","false","false","related hub; related article","900","86","2026-06","P3"
"A180","アプリ・Web・ノーコードの失敗例を先に並べてみる","アプリ-web-ノーコードの失敗例を先に並べてみる-a180","published","P36","仕事と生活を分けることは可能か","F03 解説・仕組み","特定の目的なく面白い記事を読みたい一般読者","アプリ・Web・ノーコード 失敗","アプリ・Web・ノーコードについて、自分の生活や仕事に引き寄せて理解したい","「アプリ・Web・ノーコードって、そういう見方があったのか」と人に送りたくなる","アプリ・Web・ノーコードを、今日見直せる具体物に変える","道具ではなく、人の迷いと例外から見る","会話台本","4","1","false","false","false","related hub; related article","900","86","2026-06","P3"
"A181","デザイン・UI・情報設計は、誰のために続いているのか","デザイン-ui-情報設計は-誰のために続いているのか-a181","published","P37","効率化は常に正しいのか","F01 検索回答記事","中学生・高校生・高専生","デザイン・UI・情報設計 なぜ","デザイン・UI・情報設計について、自分の生活や仕事に引き寄せて理解したい","「デザイン・UI・情報設計って、そういう見方があったのか」と人に送りたくなる","デザイン・UI・情報設計を、今日見直せる具体物に変える","道具ではなく、人の迷いと例外から見る","観察メモ","4","1","false","false","false","related hub; related article","900","86","2026-06","P3"
"A182","なぜデザイン・UI・情報設計は、少しだけ面倒なまま残るのか","なぜデザイン-ui-情報設計は-少しだけ面倒なまま残るのか-a182","published","P37","不便には価値があるのか","F02 手順・ハウツー","大学生","デザイン・UI・情報設計 方法","デザイン・UI・情報設計について、自分の生活や仕事に引き寄せて理解したい","「デザイン・UI・情報設計って、そういう見方があったのか」と人に送りたくなる","デザイン・UI・情報設計を、今日見直せる具体物に変える","道具ではなく、人の迷いと例外から見る","判断チャート","4","1","false","false","false","related hub; related article","900","86","2026-06","P3"
"A183","デザイン・UI・情報設計を一人で抱えないための小さな表","デザイン-ui-情報設計を一人で抱えないための小さな表-a183","published","P37","誰にも評価されない仕事とは何か","F03 解説・仕組み","教員・学校職員","デザイン・UI・情報設計 チェックリスト","デザイン・UI・情報設計について、自分の生活や仕事に引き寄せて理解したい","「デザイン・UI・情報設計って、そういう見方があったのか」と人に送りたくなる","デザイン・UI・情報設計を、今日見直せる具体物に変える","道具ではなく、人の迷いと例外から見る","チェックリスト","4","1","false","false","false","related hub; related article","900","86","2026-06","P3"
"A184","デザイン・UI・情報設計で最初に迷う場所を見取り図にする","デザイン-ui-情報設計で最初に迷う場所を見取り図にする-a184","published","P37","道具が人の行動をどう変えるか","F04 比較・選択・判断","保護者・PTA","デザイン・UI・情報設計 仕組み","デザイン・UI・情報設計について、自分の生活や仕事に引き寄せて理解したい","「デザイン・UI・情報設計って、そういう見方があったのか」と人に送りたくなる","デザイン・UI・情報設計を、今日見直せる具体物に変える","道具ではなく、人の迷いと例外から見る","会話台本","4","1","false","false","false","related hub; related article","900","86","2026-06","P3"
"A185","デザイン・UI・情報設計の失敗例を先に並べてみる","デザイン-ui-情報設計の失敗例を先に並べてみる-a185","published","P37","人はなぜ古い方法を使い続けるのか","F05 チェックリスト・テンプレート","町内会・自治会関係者","デザイン・UI・情報設計 失敗","デザイン・UI・情報設計について、自分の生活や仕事に引き寄せて理解したい","「デザイン・UI・情報設計って、そういう見方があったのか」と人に送りたくなる","デザイン・UI・情報設計を、今日見直せる具体物に変える","道具ではなく、人の迷いと例外から見る","観察メモ","4","1","false","false","false","related hub; related article","900","86","2026-06","P3"
"A186","創作・ものづくり・表現は、誰のために続いているのか","創作-ものづくり-表現は-誰のために続いているのか-a186","published","P38","小さいことへ時間を使う意味","F06 無料ツール・計算機","地域イベント運営者","創作・ものづくり・表現 なぜ","創作・ものづくり・表現について、自分の生活や仕事に引き寄せて理解したい","「創作・ものづくり・表現って、そういう見方があったのか」と人に送りたくなる","創作・ものづくり・表現を、今日見直せる具体物に変える","道具ではなく、人の迷いと例外から見る","判断チャート","4","1","false","false","false","related hub; related article","900","86","2026-06","P3"
"A187","なぜ創作・ものづくり・表現は、少しだけ面倒なまま残るのか","なぜ創作-ものづくり-表現は-少しだけ面倒なまま残るのか-a187","published","P38","地域とテクノロジーの距離","F07 図鑑・データベース","個人事業主","創作・ものづくり・表現 方法","創作・ものづくり・表現について、自分の生活や仕事に引き寄せて理解したい","「創作・ものづくり・表現って、そういう見方があったのか」と人に送りたくなる","創作・ものづくり・表現を、今日見直せる具体物に変える","道具ではなく、人の迷いと例外から見る","チェックリスト","4","1","false","false","false","related hub; related article","900","86","2026-06","P3"
"A188","創作・ものづくり・表現を一人で抱えないための小さな表","創作-ものづくり-表現を一人で抱えないための小さな表-a188","published","P38","人に頼ることと仕組みに頼ること","F09 密着・一日・現場ルポ","副業を始めたい人","創作・ものづくり・表現 チェックリスト","創作・ものづくり・表現について、自分の生活や仕事に引き寄せて理解したい","「創作・ものづくり・表現って、そういう見方があったのか」と人に送りたくなる","創作・ものづくり・表現を、今日見直せる具体物に変える","道具ではなく、人の迷いと例外から見る","会話台本","4","1","true","false","true","related hub; related article","900","86","2026-06","P3"
"A189","創作・ものづくり・表現で最初に迷う場所を見取り図にする","創作-ものづくり-表現で最初に迷う場所を見取り図にする-a189","published","P38","記録することと忘れること","F10 制作ドキュメンタリー","小規模店舗の店主","創作・ものづくり・表現 仕組み","創作・ものづくり・表現について、自分の生活や仕事に引き寄せて理解したい","「創作・ものづくり・表現って、そういう見方があったのか」と人に送りたくなる","創作・ものづくり・表現を、今日見直せる具体物に変える","道具ではなく、人の迷いと例外から見る","観察メモ","4","1","false","false","false","related hub; related article","900","86","2026-06","P3"
"A190","創作・ものづくり・表現の失敗例を先に並べてみる","創作-ものづくり-表現の失敗例を先に並べてみる-a190","published","P38","便利さとプライバシー","F11 エッセー・論考・問題提起","飲食店・キッチンカー運営者","創作・ものづくり・表現 失敗","創作・ものづくり・表現について、自分の生活や仕事に引き寄せて理解したい","「創作・ものづくり・表現って、そういう見方があったのか」と人に送りたくなる","創作・ものづくり・表現を、今日見直せる具体物に変える","道具ではなく、人の迷いと例外から見る","判断チャート","4","1","false","false","false","related hub; related article","900","86","2026-06","P3"
"A191","人物・職業・生き方は、誰のために続いているのか","人物-職業-生き方は-誰のために続いているのか-a191","published","P39","子どもと大人で見える仕組みの違い","F12 データ記事・白書","サロン・教室運営者","人物・職業・生き方 なぜ","人物・職業・生き方について、自分の生活や仕事に引き寄せて理解したい","「人物・職業・生き方って、そういう見方があったのか」と人に送りたくなる","人物・職業・生き方を、今日見直せる具体物に変える","道具ではなく、人の迷いと例外から見る","チェックリスト","4","1","false","false","false","related hub; related article","900","86","2026-06","P3"
"A192","なぜ人物・職業・生き方は、少しだけ面倒なまま残るのか","なぜ人物-職業-生き方は-少しだけ面倒なまま残るのか-a192","published","P39","一人の問題は社会の問題になり得るか","F13 実験・検証・対決","民泊・観光関係者","人物・職業・生き方 方法","人物・職業・生き方について、自分の生活や仕事に引き寄せて理解したい","「人物・職業・生き方って、そういう見方があったのか」と人に送りたくなる","人物・職業・生き方を、今日見直せる具体物に変える","道具ではなく、人の迷いと例外から見る","会話台本","4","1","false","false","false","related hub; related article","900","86","2026-06","P3"
"A193","人物・職業・生き方を一人で抱えないための小さな表","人物-職業-生き方を一人で抱えないための小さな表-a193","published","P39","成功より失敗から何を学べるか","F14 ビジュアル解説","フリーランス・クリエイター","人物・職業・生き方 チェックリスト","人物・職業・生き方について、自分の生活や仕事に引き寄せて理解したい","「人物・職業・生き方って、そういう見方があったのか」と人に送りたくなる","人物・職業・生き方を、今日見直せる具体物に変える","道具ではなく、人の迷いと例外から見る","観察メモ","4","1","false","false","false","related hub; related article","900","86","2026-06","P3"
"A194","人物・職業・生き方で最初に迷う場所を見取り図にする","人物-職業-生き方で最初に迷う場所を見取り図にする-a194","published","P39","無料で提供する範囲はどこまでか","F15 診断・クイズ","エンジニア・開発者","人物・職業・生き方 仕組み","人物・職業・生き方について、自分の生活や仕事に引き寄せて理解したい","「人物・職業・生き方って、そういう見方があったのか」と人に送りたくなる","人物・職業・生き方を、今日見直せる具体物に変える","道具ではなく、人の迷いと例外から見る","判断チャート","4","1","false","false","false","related hub; related article","900","86","2026-06","P3"
"A195","人物・職業・生き方の失敗例を先に並べてみる","人物-職業-生き方の失敗例を先に並べてみる-a195","published","P39","仕事と生活を分けることは可能か","F16 投稿・Q&A・相談","技術に詳しくない事務担当者","人物・職業・生き方 失敗","人物・職業・生き方について、自分の生活や仕事に引き寄せて理解したい","「人物・職業・生き方って、そういう見方があったのか」と人に送りたくなる","人物・職業・生き方を、今日見直せる具体物に変える","道具ではなく、人の迷いと例外から見る","チェックリスト","4","1","false","false","false","related hub; related article","900","86","2026-06","P3"
"A196","APLZ・小さな開発・制作記録は、誰のために続いているのか","aplz-小さな開発-制作記録は-誰のために続いているのか-a196","published","P40","効率化は常に正しいのか","F17 歴史・文化・由来","チームやプロジェクトの責任者","APLZ・小さな開発・制作記録 なぜ","APLZ・小さな開発・制作記録について、自分の生活や仕事に引き寄せて理解したい","「APLZ・小さな開発・制作記録って、そういう見方があったのか」と人に送りたくなる","APLZ・小さな開発・制作記録を、今日見直せる具体物に変える","道具ではなく、人の迷いと例外から見る","会話台本","4","1","true","true","true","related hub; related article","900","86","2026-06","P3"
"A197","なぜAPLZ・小さな開発・制作記録は、少しだけ面倒なまま残るのか","なぜaplz-小さな開発-制作記録は-少しだけ面倒なまま残るのか-a197","published","P40","不便には価値があるのか","F18 ニュース・トレンド分析","NPO・ボランティア関係者","APLZ・小さな開発・制作記録 方法","APLZ・小さな開発・制作記録について、自分の生活や仕事に引き寄せて理解したい","「APLZ・小さな開発・制作記録って、そういう見方があったのか」と人に送りたくなる","APLZ・小さな開発・制作記録を、今日見直せる具体物に変える","道具ではなく、人の迷いと例外から見る","観察メモ","4","1","true","true","true","related hub; related article","900","86","2026-06","P3"
"A198","APLZ・小さな開発・制作記録を一人で抱えないための小さな表","aplz-小さな開発-制作記録を一人で抱えないための小さな表-a198","published","P40","誰にも評価されない仕事とは何か","F03 解説・仕組み","地方・田舎で暮らす人","APLZ・小さな開発・制作記録 チェックリスト","APLZ・小さな開発・制作記録について、自分の生活や仕事に引き寄せて理解したい","「APLZ・小さな開発・制作記録って、そういう見方があったのか」と人に送りたくなる","APLZ・小さな開発・制作記録を、今日見直せる具体物に変える","道具ではなく、人の迷いと例外から見る","判断チャート","4","1","true","true","true","related hub; related article","900","86","2026-06","P3"
"A199","APLZ・小さな開発・制作記録で最初に迷う場所を見取り図にする","aplz-小さな開発-制作記録で最初に迷う場所を見取り図にする-a199","published","P40","道具が人の行動をどう変えるか","F01 検索回答記事","家族や共同生活を運営する人","APLZ・小さな開発・制作記録 仕組み","APLZ・小さな開発・制作記録について、自分の生活や仕事に引き寄せて理解したい","「APLZ・小さな開発・制作記録って、そういう見方があったのか」と人に送りたくなる","APLZ・小さな開発・制作記録を、今日見直せる具体物に変える","道具ではなく、人の迷いと例外から見る","チェックリスト","4","1","true","true","true","related hub; related article","900","86","2026-06","P3"
"A200","APLZ・小さな開発・制作記録の失敗例を先に並べてみる","aplz-小さな開発-制作記録の失敗例を先に並べてみる-a200","published","P40","人はなぜ古い方法を使い続けるのか","F02 手順・ハウツー","特定の目的なく面白い記事を読みたい一般読者","APLZ・小さな開発・制作記録 失敗","APLZ・小さな開発・制作記録について、自分の生活や仕事に引き寄せて理解したい","「APLZ・小さな開発・制作記録って、そういう見方があったのか」と人に送りたくなる","APLZ・小さな開発・制作記録を、今日見直せる具体物に変える","道具ではなく、人の迷いと例外から見る","会話台本","4","1","true","true","true","related hub; related article","900","86","2026-06","P3"
